3|1|1990-01-01T01:01:01.000+0000|2010-01-27T11:20:56.001+0000|post_creationDate_index_bPlus_100
3|896|2010-01-27T11:20:56.001+0000|2010-02-04T13:02:24.933+0000|post_creationDate_index_bPlus_100
3|471|2010-02-04T13:02:24.933+0000|2010-02-19T02:29:25.961+0000|post_creationDate_index_bPlus_100
3|348|2010-02-19T02:29:25.961+0000|2010-02-25T12:23:59.172+0000|post_creationDate_index_bPlus_100
3|698|2010-02-25T12:23:59.172+0000|2010-03-02T03:06:38.781+0000|post_creationDate_index_bPlus_100
3|174|2010-03-02T03:06:38.781+0000|2010-03-11T15:00:33.624+0000|post_creationDate_index_bPlus_100
3|840|2010-03-11T15:00:33.624+0000|2010-03-19T04:10:14.282+0000|post_creationDate_index_bPlus_100
3|394|2010-03-19T04:10:14.282+0000|2010-03-26T03:16:25.146+0000|post_creationDate_index_bPlus_100
3|717|2010-03-26T03:16:25.146+0000|2010-03-29T19:27:07.367+0000|post_creationDate_index_bPlus_100
3|336|2010-03-29T19:27:07.367+0000|2010-04-05T09:13:32.035+0000|post_creationDate_index_bPlus_100
3|646|2010-04-05T09:13:32.035+0000|2010-04-09T23:25:10.981+0000|post_creationDate_index_bPlus_100
3|103|2010-04-09T23:25:10.981+0000|2010-04-13T18:59:14.213+0000|post_creationDate_index_bPlus_100
3|895|2010-04-13T18:59:14.213+0000|2010-04-19T11:55:45.870+0000|post_creationDate_index_bPlus_100
3|639|2010-04-19T11:55:45.870+0000|2010-04-26T23:15:42.542+0000|post_creationDate_index_bPlus_100
3|328|2010-04-26T23:15:42.542+0000|2010-05-03T18:57:45.852+0000|post_creationDate_index_bPlus_100
3|643|2010-05-03T18:57:45.852+0000|2010-05-09T08:01:49.547+0000|post_creationDate_index_bPlus_100
3|187|2010-05-09T08:01:49.547+0000|2010-05-17T02:49:54.605+0000|post_creationDate_index_bPlus_100
3|690|2010-05-17T02:49:54.605+0000|2010-05-20T17:46:34.480+0000|post_creationDate_index_bPlus_100
3|270|2010-05-20T17:46:34.480+0000|2010-05-23T19:06:40.743+0000|post_creationDate_index_bPlus_100
3|883|2010-05-23T19:06:40.743+0000|2010-05-25T10:35:25.693+0000|post_creationDate_index_bPlus_100
3|364|2010-05-25T10:35:25.693+0000|2010-05-27T19:55:36.013+0000|post_creationDate_index_bPlus_100
3|899|2010-05-27T19:55:36.013+0000|2010-05-29T08:34:54.293+0000|post_creationDate_index_bPlus_100
3|63|2010-05-29T08:34:54.293+0000|2010-06-03T10:37:08.984+0000|post_creationDate_index_bPlus_100
3|409|2010-06-03T10:37:08.984+0000|2010-06-05T06:55:30.100+0000|post_creationDate_index_bPlus_100
3|936|2010-06-05T06:55:30.100+0000|2010-06-10T10:04:21.061+0000|post_creationDate_index_bPlus_100
3|248|2010-06-10T10:04:21.061+0000|2010-06-13T11:39:23.773+0000|post_creationDate_index_bPlus_100
3|691|2010-06-13T11:39:23.773+0000|2010-06-15T06:46:45.912+0000|post_creationDate_index_bPlus_100
3|380|2010-06-15T06:46:45.912+0000|2010-06-18T23:44:07.646+0000|post_creationDate_index_bPlus_100
3|110|2010-06-18T23:44:07.646+0000|2010-06-23T22:52:21.223+0000|post_creationDate_index_bPlus_100
3|644|2010-06-23T22:52:21.223+0000|2010-06-27T16:58:36.143+0000|post_creationDate_index_bPlus_100
3|291|2010-06-27T16:58:36.143+0000|2010-06-30T11:28:18.162+0000|post_creationDate_index_bPlus_100
3|587|2010-06-30T11:28:18.162+0000|2010-07-02T20:29:34.716+0000|post_creationDate_index_bPlus_100
3|959|2010-07-02T20:29:34.716+0000|2010-07-03T23:05:17.264+0000|post_creationDate_index_bPlus_100
3|194|2010-07-03T23:05:17.264+0000|2010-07-06T17:49:24.396+0000|post_creationDate_index_bPlus_100
3|520|2010-07-06T17:49:24.396+0000|2010-07-09T13:32:02.038+0000|post_creationDate_index_bPlus_100
3|41|2010-07-09T13:32:02.038+0000|2010-07-13T08:34:47.070+0000|post_creationDate_index_bPlus_100
3|274|2010-07-13T08:34:47.070+0000|2010-07-15T16:57:51.393+0000|post_creationDate_index_bPlus_100
3|645|2010-07-15T16:57:51.393+0000|2010-07-18T10:58:45.058+0000|post_creationDate_index_bPlus_100
3|193|2010-07-18T10:58:45.058+0000|2010-07-21T16:49:52.929+0000|post_creationDate_index_bPlus_100
3|619|2010-07-21T16:49:52.929+0000|2010-07-24T08:03:19.060+0000|post_creationDate_index_bPlus_100
3|129|2010-07-24T08:03:19.060+0000|2010-07-26T06:50:21.404+0000|post_creationDate_index_bPlus_100
3|671|2010-07-26T06:50:21.404+0000|2010-07-29T18:29:27.077+0000|post_creationDate_index_bPlus_100
3|208|2010-07-29T18:29:27.077+0000|2010-08-01T13:29:48.240+0000|post_creationDate_index_bPlus_100
3|986|2010-08-01T13:29:48.240+0000|2010-08-03T05:15:30.103+0000|post_creationDate_index_bPlus_100
3|448|2010-08-03T05:15:30.103+0000|2010-08-05T11:28:01.401+0000|post_creationDate_index_bPlus_100
3|985|2010-08-05T11:28:01.401+0000|2010-08-06T12:28:32.389+0000|post_creationDate_index_bPlus_100
3|4|2010-08-06T12:28:32.389+0000|2010-08-10T04:09:16.341+0000|post_creationDate_index_bPlus_100
3|500|2010-08-10T04:09:16.341+0000|2010-08-12T03:41:23.955+0000|post_creationDate_index_bPlus_100
3|712|2010-08-12T03:41:23.955+0000|2010-08-14T05:46:34.998+0000|post_creationDate_index_bPlus_100
3|932|2010-08-14T05:46:34.998+0000|2010-08-16T15:44:27.740+0000|post_creationDate_index_bPlus_100
3|353|2010-08-16T15:44:27.740+0000|2010-08-19T04:00:24.045+0000|post_creationDate_index_bPlus_100
3|703|2010-08-19T04:00:24.045+0000|2010-08-20T02:21:33.524+0000|post_creationDate_index_bPlus_100
3|862|2010-08-20T02:21:33.524+0000|2010-08-21T11:10:15.141+0000|post_creationDate_index_bPlus_100
3|188|2010-08-21T11:10:15.141+0000|2010-08-24T05:47:16.620+0000|post_creationDate_index_bPlus_100
3|714|2010-08-24T05:47:16.620+0000|2010-08-25T11:21:05.941+0000|post_creationDate_index_bPlus_100
3|407|2010-08-25T11:21:05.941+0000|2010-08-27T08:54:38.102+0000|post_creationDate_index_bPlus_100
3|939|2010-08-27T08:54:38.102+0000|2010-08-29T18:45:33.337+0000|post_creationDate_index_bPlus_100
3|288|2010-08-29T18:45:33.337+0000|2010-08-31T23:55:20.011+0000|post_creationDate_index_bPlus_100
3|588|2010-08-31T23:55:20.011+0000|2010-09-02T13:40:29.780+0000|post_creationDate_index_bPlus_100
3|91|2010-09-02T13:40:29.780+0000|2010-09-05T20:26:45.034+0000|post_creationDate_index_bPlus_100
3|547|2010-09-05T20:26:45.034+0000|2010-09-07T11:28:44.042+0000|post_creationDate_index_bPlus_100
3|347|2010-09-07T11:28:44.042+0000|2010-09-08T21:39:37.875+0000|post_creationDate_index_bPlus_100
3|758|2010-09-08T21:39:37.875+0000|2010-09-10T05:11:00.893+0000|post_creationDate_index_bPlus_100
3|173|2010-09-10T05:11:00.893+0000|2010-09-11T00:27:11.599+0000|post_creationDate_index_bPlus_100
3|934|2010-09-11T00:27:11.599+0000|2010-09-12T13:49:37.767+0000|post_creationDate_index_bPlus_100
3|420|2010-09-12T13:49:37.767+0000|2010-09-13T18:18:27.294+0000|post_creationDate_index_bPlus_100
3|971|2010-09-13T18:18:27.294+0000|2010-09-14T19:02:18.560+0000|post_creationDate_index_bPlus_100
3|242|2010-09-14T19:02:18.560+0000|2010-09-17T01:55:53.119+0000|post_creationDate_index_bPlus_100
3|737|2010-09-17T01:55:53.119+0000|2010-09-17T23:41:52.225+0000|post_creationDate_index_bPlus_100
3|327|2010-09-17T23:41:52.225+0000|2010-09-20T03:18:10.812+0000|post_creationDate_index_bPlus_100
3|904|2010-09-20T03:18:10.812+0000|2010-09-22T02:12:58.447+0000|post_creationDate_index_bPlus_100
3|734|2010-09-22T02:12:58.447+0000|2010-09-24T22:03:21.024+0000|post_creationDate_index_bPlus_100
3|46|2010-09-24T22:03:21.024+0000|2010-09-26T19:04:18.706+0000|post_creationDate_index_bPlus_100
3|994|2010-09-26T19:04:18.706+0000|2010-09-28T15:11:58.536+0000|post_creationDate_index_bPlus_100
3|493|2010-09-28T15:11:58.536+0000|2010-10-01T04:58:01.916+0000|post_creationDate_index_bPlus_100
3|240|2010-10-01T04:58:01.916+0000|2010-10-02T12:18:38.502+0000|post_creationDate_index_bPlus_100
3|918|2010-10-02T12:18:38.502+0000|2010-10-04T05:33:45.830+0000|post_creationDate_index_bPlus_100
3|545|2010-10-04T05:33:45.830+0000|2010-10-05T04:44:02.380+0000|post_creationDate_index_bPlus_100
3|927|2010-10-05T04:44:02.380+0000|2010-10-06T06:11:31.372+0000|post_creationDate_index_bPlus_100
3|290|2010-10-06T06:11:31.372+0000|2010-10-08T03:39:55.846+0000|post_creationDate_index_bPlus_100
3|629|2010-10-08T03:39:55.846+0000|2010-10-09T08:48:43.152+0000|post_creationDate_index_bPlus_100
3|186|2010-10-09T08:48:43.152+0000|2010-10-11T06:02:41.109+0000|post_creationDate_index_bPlus_100
3|529|2010-10-11T06:02:41.109+0000|2010-10-12T14:50:54.940+0000|post_creationDate_index_bPlus_100
3|798|2010-10-12T14:50:54.940+0000|2010-10-13T04:37:17.797+0000|post_creationDate_index_bPlus_100
3|23|2010-10-13T04:37:17.797+0000|2010-10-14T17:31:59.957+0000|post_creationDate_index_bPlus_100
3|777|2010-10-14T17:31:59.957+0000|2010-10-16T00:42:45.053+0000|post_creationDate_index_bPlus_100
3|331|2010-10-16T00:42:45.053+0000|2010-10-18T20:21:58.678+0000|post_creationDate_index_bPlus_100
3|725|2010-10-18T20:21:58.678+0000|2010-10-20T13:05:20.518+0000|post_creationDate_index_bPlus_100
3|250|2010-10-20T13:05:20.518+0000|2010-10-21T11:26:46.044+0000|post_creationDate_index_bPlus_100
3|954|2010-10-21T11:26:46.044+0000|2010-10-23T03:38:05.289+0000|post_creationDate_index_bPlus_100
3|530|2010-10-23T03:38:05.289+0000|2010-10-24T15:14:10.741+0000|post_creationDate_index_bPlus_100
3|169|2010-10-24T15:14:10.741+0000|2010-10-26T13:45:37.707+0000|post_creationDate_index_bPlus_100
3|938|2010-10-26T13:45:37.707+0000|2010-10-28T05:03:05.217+0000|post_creationDate_index_bPlus_100
3|610|2010-10-28T05:03:05.217+0000|2010-10-29T10:50:15.100+0000|post_creationDate_index_bPlus_100
3|410|2010-10-29T10:50:15.100+0000|2010-10-30T22:40:17.753+0000|post_creationDate_index_bPlus_100
3|93|2010-10-30T22:40:17.753+0000|2010-11-01T02:15:16.650+0000|post_creationDate_index_bPlus_100
3|589|2010-11-01T02:15:16.650+0000|2010-11-02T21:24:05.178+0000|post_creationDate_index_bPlus_100
3|293|2010-11-02T21:24:05.178+0000|2010-11-04T21:54:52.494+0000|post_creationDate_index_bPlus_100
3|637|2010-11-04T21:54:52.494+0000|2010-11-05T20:00:28.548+0000|post_creationDate_index_bPlus_100
3|987|2010-11-05T20:00:28.548+0000|2010-11-07T17:09:21.746+0000|post_creationDate_index_bPlus_100
3|145|2010-11-07T17:09:21.746+0000|2010-11-09T14:37:44.050+0000|post_creationDate_index_bPlus_100
3|400|2010-11-09T14:37:44.050+0000|2010-11-10T20:58:18.206+0000|post_creationDate_index_bPlus_100
3|928|2010-11-10T20:58:18.206+0000|2010-11-11T21:50:28.887+0000|post_creationDate_index_bPlus_100
3|611|2010-11-11T21:50:28.887+0000|2010-11-13T15:15:49.489+0000|post_creationDate_index_bPlus_100
3|842|2010-11-13T15:15:49.489+0000|2010-11-14T14:40:46.812+0000|post_creationDate_index_bPlus_100
3|48|2010-11-14T14:40:46.812+0000|2010-11-15T10:29:42.384+0000|post_creationDate_index_bPlus_100
3|935|2010-11-15T10:29:42.384+0000|2010-11-16T08:27:26.004+0000|post_creationDate_index_bPlus_100
3|391|2010-11-16T08:27:26.004+0000|2010-11-18T03:11:08.947+0000|post_creationDate_index_bPlus_100
3|135|2010-11-18T03:11:08.947+0000|2010-11-20T00:26:42.954+0000|post_creationDate_index_bPlus_100
3|920|2010-11-20T00:26:42.954+0000|2010-11-21T06:49:14.478+0000|post_creationDate_index_bPlus_100
3|480|2010-11-21T06:49:14.478+0000|2010-11-22T10:55:41.755+0000|post_creationDate_index_bPlus_100
3|218|2010-11-22T10:55:41.755+0000|2010-11-23T13:14:56.680+0000|post_creationDate_index_bPlus_100
3|607|2010-11-23T13:14:56.680+0000|2010-11-24T09:41:14.393+0000|post_creationDate_index_bPlus_100
3|925|2010-11-24T09:41:14.393+0000|2010-11-25T06:11:20.472+0000|post_creationDate_index_bPlus_100
3|6|2010-11-25T06:11:20.472+0000|2010-11-26T11:34:33.273+0000|post_creationDate_index_bPlus_100
3|861|2010-11-26T11:34:33.273+0000|2010-11-27T12:29:42.010+0000|post_creationDate_index_bPlus_100
3|427|2010-11-27T12:29:42.010+0000|2010-11-29T10:57:36.561+0000|post_creationDate_index_bPlus_100
3|884|2010-11-29T10:57:36.561+0000|2010-11-30T22:18:51.286+0000|post_creationDate_index_bPlus_100
3|275|2010-11-30T22:18:51.286+0000|2010-12-01T17:05:48.666+0000|post_creationDate_index_bPlus_100
3|817|2010-12-01T17:05:48.666+0000|2010-12-02T14:41:26.557+0000|post_creationDate_index_bPlus_100
900|501|2010-12-02T14:41:26.557+0000|2010-12-04T07:06:28.623+0000|post_creationDate_index_bPlus_100
900|111|2010-12-04T07:06:28.623+0000|2010-12-06T19:36:47.955+0000|post_creationDate_index_bPlus_100
900|523|2010-12-06T19:36:47.955+0000|2010-12-08T12:44:34.631+0000|post_creationDate_index_bPlus_100
900|676|2010-12-08T12:44:34.631+0000|2010-12-10T13:53:29.831+0000|post_creationDate_index_bPlus_100
900|255|2010-12-10T13:53:29.831+0000|2010-12-12T08:34:45.840+0000|post_creationDate_index_bPlus_100
900|662|2010-12-12T08:34:45.840+0000|2010-12-15T00:06:02.296+0000|post_creationDate_index_bPlus_100
900|52|2010-12-15T00:06:02.296+0000|2010-12-15T17:55:38.500+0000|post_creationDate_index_bPlus_100
900|786|2010-12-15T17:55:38.500+0000|2010-12-18T07:10:06.550+0000|post_creationDate_index_bPlus_100
900|369|2010-12-18T07:10:06.550+0000|2010-12-20T15:53:46.003+0000|post_creationDate_index_bPlus_100
900|578|2010-12-20T15:53:46.003+0000|2010-12-23T09:32:01.550+0000|post_creationDate_index_bPlus_100
900|195|2010-12-23T09:32:01.550+0000|2010-12-24T14:10:24.302+0000|post_creationDate_index_bPlus_100
900|818|2010-12-24T14:10:24.302+0000|2010-12-25T15:27:01.888+0000|post_creationDate_index_bPlus_100
900|330|2010-12-25T15:27:01.888+0000|2010-12-27T12:06:52.545+0000|post_creationDate_index_bPlus_100
900|632|2010-12-27T12:06:52.545+0000|2010-12-28T17:01:13.480+0000|post_creationDate_index_bPlus_100
900|112|2010-12-28T17:01:13.480+0000|2010-12-29T17:44:55.859+0000|post_creationDate_index_bPlus_100
900|919|2010-12-29T17:44:55.859+0000|2010-12-30T09:50:34.824+0000|post_creationDate_index_bPlus_100
900|332|2010-12-30T09:50:34.824+0000|2010-12-30T23:37:30.908+0000|post_creationDate_index_bPlus_100
900|909|2010-12-30T23:37:30.908+0000|2011-01-01T05:49:03.174+0000|post_creationDate_index_bPlus_100
900|207|2011-01-01T05:49:03.174+0000|2011-01-02T04:06:27.090+0000|post_creationDate_index_bPlus_100
900|940|2011-01-02T04:06:27.090+0000|2011-01-02T19:20:19.351+0000|post_creationDate_index_bPlus_100
900|521|2011-01-02T19:20:19.351+0000|2011-01-04T08:30:58.084+0000|post_creationDate_index_bPlus_100
900|22|2011-01-04T08:30:58.084+0000|2011-01-05T04:43:00.452+0000|post_creationDate_index_bPlus_100
900|433|2011-01-05T04:43:00.452+0000|2011-01-06T16:10:25.206+0000|post_creationDate_index_bPlus_100
900|860|2011-01-06T16:10:25.206+0000|2011-01-07T23:23:11.791+0000|post_creationDate_index_bPlus_100
900|234|2011-01-07T23:23:11.791+0000|2011-01-09T09:40:31.175+0000|post_creationDate_index_bPlus_100
900|408|2011-01-09T09:40:31.175+0000|2011-01-11T02:41:49.319+0000|post_creationDate_index_bPlus_100
900|839|2011-01-11T02:41:49.319+0000|2011-01-12T07:46:31.466+0000|post_creationDate_index_bPlus_100
900|134|2011-01-12T07:46:31.466+0000|2011-01-14T18:48:23.948+0000|post_creationDate_index_bPlus_100
900|822|2011-01-14T18:48:23.948+0000|2011-01-15T08:43:32.678+0000|post_creationDate_index_bPlus_100
900|553|2011-01-15T08:43:32.678+0000|2011-01-16T11:37:43.062+0000|post_creationDate_index_bPlus_100
900|198|2011-01-16T11:37:43.062+0000|2011-01-17T09:45:47.842+0000|post_creationDate_index_bPlus_100
900|937|2011-01-17T09:45:47.842+0000|2011-01-18T08:30:45.798+0000|post_creationDate_index_bPlus_100
900|502|2011-01-18T08:30:45.798+0000|2011-01-19T22:12:12.116+0000|post_creationDate_index_bPlus_100
900|355|2011-01-19T22:12:12.116+0000|2011-01-20T21:58:03.593+0000|post_creationDate_index_bPlus_100
900|507|2011-01-20T21:58:03.593+0000|2011-01-23T08:42:06.891+0000|post_creationDate_index_bPlus_100
900|65|2011-01-23T08:42:06.891+0000|2011-01-24T15:51:26.262+0000|post_creationDate_index_bPlus_100
900|463|2011-01-24T15:51:26.262+0000|2011-01-26T07:46:56.450+0000|post_creationDate_index_bPlus_100
900|738|2011-01-26T07:46:56.450+0000|2011-01-27T23:50:35.383+0000|post_creationDate_index_bPlus_100
900|262|2011-01-27T23:50:35.383+0000|2011-01-29T04:45:06.024+0000|post_creationDate_index_bPlus_100
900|481|2011-01-29T04:45:06.024+0000|2011-01-31T17:13:07.691+0000|post_creationDate_index_bPlus_100
900|876|2011-01-31T17:13:07.691+0000|2011-02-02T03:21:51.284+0000|post_creationDate_index_bPlus_100
900|160|2011-02-02T03:21:51.284+0000|2011-02-02T18:04:05.328+0000|post_creationDate_index_bPlus_100
900|933|2011-02-02T18:04:05.328+0000|2011-02-03T11:19:50.328+0000|post_creationDate_index_bPlus_100
900|640|2011-02-03T11:19:50.328+0000|2011-02-05T07:58:26.835+0000|post_creationDate_index_bPlus_100
900|405|2011-02-05T07:58:26.835+0000|2011-02-05T20:26:40.596+0000|post_creationDate_index_bPlus_100
900|727|2011-02-05T20:26:40.596+0000|2011-02-06T19:06:57.107+0000|post_creationDate_index_bPlus_100
900|32|2011-02-06T19:06:57.107+0000|2011-02-07T19:48:34.307+0000|post_creationDate_index_bPlus_100
900|947|2011-02-07T19:48:34.307+0000|2011-02-09T10:53:42.411+0000|post_creationDate_index_bPlus_100
900|264|2011-02-09T10:53:42.411+0000|2011-02-11T06:35:22.811+0000|post_creationDate_index_bPlus_100
900|499|2011-02-11T06:35:22.811+0000|2011-02-12T01:21:06.921+0000|post_creationDate_index_bPlus_100
900|898|2011-02-12T01:21:06.921+0000|2011-02-12T10:45:46.109+0000|post_creationDate_index_bPlus_100
900|117|2011-02-12T10:45:46.109+0000|2011-02-14T08:09:17.810+0000|post_creationDate_index_bPlus_100
900|701|2011-02-14T08:09:17.810+0000|2011-02-14T23:56:46.565+0000|post_creationDate_index_bPlus_100
900|228|2011-02-14T23:56:46.565+0000|2011-02-15T20:58:21.085+0000|post_creationDate_index_bPlus_100
900|641|2011-02-15T20:58:21.085+0000|2011-02-16T09:33:38.175+0000|post_creationDate_index_bPlus_100
900|74|2011-02-16T09:33:38.175+0000|2011-02-16T20:24:29.152+0000|post_creationDate_index_bPlus_100
900|664|2011-02-16T20:24:29.152+0000|2011-02-18T16:23:47.907+0000|post_creationDate_index_bPlus_100
900|307|2011-02-18T16:23:47.907+0000|2011-02-20T01:29:06.254+0000|post_creationDate_index_bPlus_100
900|604|2011-02-20T01:29:06.254+0000|2011-02-21T10:43:04.053+0000|post_creationDate_index_bPlus_100
900|838|2011-02-21T10:43:04.053+0000|2011-02-22T05:32:29.492+0000|post_creationDate_index_bPlus_100
900|149|2011-02-22T05:32:29.492+0000|2011-02-23T10:29:22.425+0000|post_creationDate_index_bPlus_100
900|609|2011-02-23T10:29:22.425+0000|2011-02-24T15:10:24.104+0000|post_creationDate_index_bPlus_100
900|333|2011-02-24T15:10:24.104+0000|2011-02-26T00:50:41.563+0000|post_creationDate_index_bPlus_100
900|742|2011-02-26T00:50:41.563+0000|2011-02-27T16:00:20.533+0000|post_creationDate_index_bPlus_100
900|12|2011-02-27T16:00:20.533+0000|2011-02-28T20:43:20.005+0000|post_creationDate_index_bPlus_100
900|477|2011-02-28T20:43:20.005+0000|2011-03-02T01:09:12.170+0000|post_creationDate_index_bPlus_100
900|837|2011-03-02T01:09:12.170+0000|2011-03-03T13:15:44.353+0000|post_creationDate_index_bPlus_100
900|170|2011-03-03T13:15:44.353+0000|2011-03-04T10:43:37.402+0000|post_creationDate_index_bPlus_100
900|968|2011-03-04T10:43:37.402+0000|2011-03-05T14:51:48.993+0000|post_creationDate_index_bPlus_100
900|315|2011-03-05T14:51:48.993+0000|2011-03-07T07:58:13.393+0000|post_creationDate_index_bPlus_100
900|549|2011-03-07T07:58:13.393+0000|2011-03-08T19:36:25.859+0000|post_creationDate_index_bPlus_100
900|964|2011-03-08T19:36:25.859+0000|2011-03-09T07:06:03.850+0000|post_creationDate_index_bPlus_100
900|70|2011-03-09T07:06:03.850+0000|2011-03-10T06:39:26.040+0000|post_creationDate_index_bPlus_100
900|552|2011-03-10T06:39:26.040+0000|2011-03-11T04:17:54.221+0000|post_creationDate_index_bPlus_100
900|392|2011-03-11T04:17:54.221+0000|2011-03-12T12:30:05.212+0000|post_creationDate_index_bPlus_100
900|931|2011-03-12T12:30:05.212+0000|2011-03-13T21:07:41.294+0000|post_creationDate_index_bPlus_100
900|314|2011-03-13T21:07:41.294+0000|2011-03-15T01:45:04.465+0000|post_creationDate_index_bPlus_100
900|598|2011-03-15T01:45:04.465+0000|2011-03-15T23:40:51.035+0000|post_creationDate_index_bPlus_100
900|33|2011-03-15T23:40:51.035+0000|2011-03-16T20:22:44.816+0000|post_creationDate_index_bPlus_100
900|710|2011-03-16T20:22:44.816+0000|2011-03-17T08:27:43.307+0000|post_creationDate_index_bPlus_100
900|271|2011-03-17T08:27:43.307+0000|2011-03-18T11:07:58.063+0000|post_creationDate_index_bPlus_100
900|984|2011-03-18T11:07:58.063+0000|2011-03-19T05:54:54.898+0000|post_creationDate_index_bPlus_100
900|424|2011-03-19T05:54:54.898+0000|2011-03-21T15:42:09.689+0000|post_creationDate_index_bPlus_100
900|115|2011-03-21T15:42:09.689+0000|2011-03-22T21:30:25.059+0000|post_creationDate_index_bPlus_100
900|524|2011-03-22T21:30:25.059+0000|2011-03-24T09:16:41.725+0000|post_creationDate_index_bPlus_100
900|320|2011-03-24T09:16:41.725+0000|2011-03-25T21:17:34.417+0000|post_creationDate_index_bPlus_100
900|903|2011-03-25T21:17:34.417+0000|2011-03-26T22:56:26.194+0000|post_creationDate_index_bPlus_100
900|503|2011-03-26T22:56:26.194+0000|2011-03-27T14:03:31.899+0000|post_creationDate_index_bPlus_100
900|901|2011-03-27T14:03:31.899+0000|2011-03-28T04:15:08.738+0000|post_creationDate_index_bPlus_100
900|77|2011-03-28T04:15:08.738+0000|2011-03-29T16:39:57.266+0000|post_creationDate_index_bPlus_100
900|634|2011-03-29T16:39:57.266+0000|2011-03-30T22:34:01.846+0000|post_creationDate_index_bPlus_100
900|309|2011-03-30T22:34:01.846+0000|2011-04-01T15:53:59.138+0000|post_creationDate_index_bPlus_100
900|144|2011-04-01T15:53:59.138+0000|2011-04-02T16:00:05.018+0000|post_creationDate_index_bPlus_100
900|584|2011-04-02T16:00:05.018+0000|2011-04-03T16:09:54.416+0000|post_creationDate_index_bPlus_100
900|865|2011-04-03T16:09:54.416+0000|2011-04-04T17:50:48.119+0000|post_creationDate_index_bPlus_100
900|272|2011-04-04T17:50:48.119+0000|2011-04-06T08:37:50.424+0000|post_creationDate_index_bPlus_100
900|969|2011-04-06T08:37:50.424+0000|2011-04-07T21:06:46.051+0000|post_creationDate_index_bPlus_100
900|2|2011-04-07T21:06:46.051+0000|2011-04-08T13:17:35.654+0000|post_creationDate_index_bPlus_100
900|476|2011-04-08T13:17:35.654+0000|2011-04-09T17:13:44.167+0000|post_creationDate_index_bPlus_100
900|825|2011-04-09T17:13:44.167+0000|2011-04-10T12:35:23.361+0000|post_creationDate_index_bPlus_100
900|247|2011-04-10T12:35:23.361+0000|2011-04-11T14:48:35.973+0000|post_creationDate_index_bPlus_100
900|804|2011-04-11T14:48:35.973+0000|2011-04-12T14:24:23.410+0000|post_creationDate_index_bPlus_100
900|605|2011-04-12T14:24:23.410+0000|2011-04-13T21:49:54.939+0000|post_creationDate_index_bPlus_100
900|340|2011-04-13T21:49:54.939+0000|2011-04-14T14:32:38.990+0000|post_creationDate_index_bPlus_100
900|819|2011-04-14T14:32:38.990+0000|2011-04-15T15:08:06.645+0000|post_creationDate_index_bPlus_100
900|560|2011-04-15T15:08:06.645+0000|2011-04-17T11:10:59.381+0000|post_creationDate_index_bPlus_100
900|76|2011-04-17T11:10:59.381+0000|2011-04-18T16:36:11.273+0000|post_creationDate_index_bPlus_100
900|893|2011-04-18T16:36:11.273+0000|2011-04-19T06:26:31.433+0000|post_creationDate_index_bPlus_100
900|496|2011-04-19T06:26:31.433+0000|2011-04-20T03:29:24.990+0000|post_creationDate_index_bPlus_100
900|974|2011-04-20T03:29:24.990+0000|2011-04-20T16:21:47.689+0000|post_creationDate_index_bPlus_100
900|137|2011-04-20T16:21:47.689+0000|2011-04-21T07:49:13.216+0000|post_creationDate_index_bPlus_100
900|577|2011-04-21T07:49:13.216+0000|2011-04-22T23:01:25.224+0000|post_creationDate_index_bPlus_100
900|334|2011-04-22T23:01:25.224+0000|2011-04-24T11:53:24.337+0000|post_creationDate_index_bPlus_100
900|709|2011-04-24T11:53:24.337+0000|2011-04-25T09:42:23.431+0000|post_creationDate_index_bPlus_100
428|31|2011-04-25T09:42:23.431+0000|2011-04-25T22:00:13.618+0000|post_creationDate_index_bPlus_100
428|494|2011-04-25T22:00:13.618+0000|2011-04-27T04:12:19.977+0000|post_creationDate_index_bPlus_100
428|257|2011-04-27T04:12:19.977+0000|2011-04-28T06:58:57.589+0000|post_creationDate_index_bPlus_100
428|592|2011-04-28T06:58:57.589+0000|2011-04-29T20:40:15.906+0000|post_creationDate_index_bPlus_100
428|138|2011-04-29T20:40:15.906+0000|2011-04-30T09:33:57.016+0000|post_creationDate_index_bPlus_100
428|916|2011-04-30T09:33:57.016+0000|2011-05-01T03:53:25.340+0000|post_creationDate_index_bPlus_100
428|472|2011-05-01T03:53:25.340+0000|2011-05-03T05:58:55.257+0000|post_creationDate_index_bPlus_100
428|233|2011-05-03T05:58:55.257+0000|2011-05-05T04:13:34.175+0000|post_creationDate_index_bPlus_100
428|506|2011-05-05T04:13:34.175+0000|2011-05-06T03:27:18.888+0000|post_creationDate_index_bPlus_100
428|951|2011-05-06T03:27:18.888+0000|2011-05-06T18:39:27.808+0000|post_creationDate_index_bPlus_100
428|75|2011-05-06T18:39:27.808+0000|2011-05-08T03:50:36.397+0000|post_creationDate_index_bPlus_100
428|723|2011-05-08T03:50:36.397+0000|2011-05-09T15:50:53.354+0000|post_creationDate_index_bPlus_100
428|398|2011-05-09T15:50:53.354+0000|2011-05-11T01:40:12.403+0000|post_creationDate_index_bPlus_100
428|680|2011-05-11T01:40:12.403+0000|2011-05-11T12:56:04.884+0000|post_creationDate_index_bPlus_100
428|150|2011-05-11T12:56:04.884+0000|2011-05-12T04:28:32.153+0000|post_creationDate_index_bPlus_100
428|350|2011-05-12T04:28:32.153+0000|2011-05-13T12:18:55.253+0000|post_creationDate_index_bPlus_100
428|760|2011-05-13T12:18:55.253+0000|2011-05-14T23:28:53.518+0000|post_creationDate_index_bPlus_100
428|199|2011-05-14T23:28:53.518+0000|2011-05-16T04:34:47.041+0000|post_creationDate_index_bPlus_100
428|539|2011-05-16T04:34:47.041+0000|2011-05-17T04:29:06.266+0000|post_creationDate_index_bPlus_100
428|18|2011-05-17T04:29:06.266+0000|2011-05-18T11:50:53.018+0000|post_creationDate_index_bPlus_100
428|730|2011-05-18T11:50:53.018+0000|2011-05-19T01:51:11.641+0000|post_creationDate_index_bPlus_100
428|283|2011-05-19T01:51:11.641+0000|2011-05-20T10:23:54.082+0000|post_creationDate_index_bPlus_100
428|555|2011-05-20T10:23:54.082+0000|2011-05-22T03:21:57.096+0000|post_creationDate_index_bPlus_100
428|132|2011-05-22T03:21:57.096+0000|2011-05-23T18:01:30.558+0000|post_creationDate_index_bPlus_100
428|722|2011-05-23T18:01:30.558+0000|2011-05-24T12:34:08.104+0000|post_creationDate_index_bPlus_100
428|302|2011-05-24T12:34:08.104+0000|2011-05-25T06:46:06.311+0000|post_creationDate_index_bPlus_100
428|888|2011-05-25T06:46:06.311+0000|2011-05-25T22:42:48.067+0000|post_creationDate_index_bPlus_100
428|411|2011-05-25T22:42:48.067+0000|2011-05-27T01:31:52.145+0000|post_creationDate_index_bPlus_100
428|699|2011-05-27T01:31:52.145+0000|2011-05-28T01:34:56.814+0000|post_creationDate_index_bPlus_100
428|90|2011-05-28T01:34:56.814+0000|2011-05-28T18:34:50.330+0000|post_creationDate_index_bPlus_100
428|967|2011-05-28T18:34:50.330+0000|2011-05-29T11:01:50.652+0000|post_creationDate_index_bPlus_100
428|434|2011-05-29T11:01:50.652+0000|2011-05-30T05:31:21.389+0000|post_creationDate_index_bPlus_100
428|774|2011-05-30T05:31:21.389+0000|2011-05-31T11:07:00.007+0000|post_creationDate_index_bPlus_100
428|190|2011-05-31T11:07:00.007+0000|2011-06-02T00:27:40.139+0000|post_creationDate_index_bPlus_100
428|469|2011-06-02T00:27:40.139+0000|2011-06-02T22:19:30.560+0000|post_creationDate_index_bPlus_100
428|948|2011-06-02T22:19:30.560+0000|2011-06-03T20:36:34.666+0000|post_creationDate_index_bPlus_100
428|282|2011-06-03T20:36:34.666+0000|2011-06-04T18:32:51.400+0000|post_creationDate_index_bPlus_100
428|863|2011-06-04T18:32:51.400+0000|2011-06-06T02:16:40.571+0000|post_creationDate_index_bPlus_100
428|534|2011-06-06T02:16:40.571+0000|2011-06-08T04:14:20.646+0000|post_creationDate_index_bPlus_100
428|39|2011-06-08T04:14:20.646+0000|2011-06-09T07:31:19.145+0000|post_creationDate_index_bPlus_100
428|814|2011-06-09T07:31:19.145+0000|2011-06-10T06:43:36.684+0000|post_creationDate_index_bPlus_100
428|249|2011-06-10T06:43:36.684+0000|2011-06-11T15:32:18.718+0000|post_creationDate_index_bPlus_100
428|613|2011-06-11T15:32:18.718+0000|2011-06-12T21:55:27.048+0000|post_creationDate_index_bPlus_100
428|94|2011-06-12T21:55:27.048+0000|2011-06-13T23:12:50.390+0000|post_creationDate_index_bPlus_100
428|449|2011-06-13T23:12:50.390+0000|2011-06-14T14:22:30.846+0000|post_creationDate_index_bPlus_100
428|682|2011-06-14T14:22:30.846+0000|2011-06-15T13:15:25.281+0000|post_creationDate_index_bPlus_100
428|191|2011-06-15T13:15:25.281+0000|2011-06-16T01:29:50.238+0000|post_creationDate_index_bPlus_100
428|829|2011-06-16T01:29:50.238+0000|2011-06-16T18:19:58.835+0000|post_creationDate_index_bPlus_100
428|366|2011-06-16T18:19:58.835+0000|2011-06-17T22:38:34.032+0000|post_creationDate_index_bPlus_100
428|913|2011-06-17T22:38:34.032+0000|2011-06-18T09:00:01.182+0000|post_creationDate_index_bPlus_100
428|601|2011-06-18T09:00:01.182+0000|2011-06-19T11:14:24.609+0000|post_creationDate_index_bPlus_100
428|30|2011-06-19T11:14:24.609+0000|2011-06-20T21:09:30.459+0000|post_creationDate_index_bPlus_100
428|556|2011-06-20T21:09:30.459+0000|2011-06-21T12:14:01.671+0000|post_creationDate_index_bPlus_100
428|294|2011-06-21T12:14:01.671+0000|2011-06-22T03:41:43.516+0000|post_creationDate_index_bPlus_100
428|878|2011-06-22T03:41:43.516+0000|2011-06-22T14:55:44.729+0000|post_creationDate_index_bPlus_100
428|423|2011-06-22T14:55:44.729+0000|2011-06-24T06:18:41.638+0000|post_creationDate_index_bPlus_100
428|251|2011-06-24T06:18:41.638+0000|2011-06-25T06:08:08.021+0000|post_creationDate_index_bPlus_100
428|515|2011-06-25T06:08:08.021+0000|2011-06-26T21:35:57.855+0000|post_creationDate_index_bPlus_100
428|152|2011-06-26T21:35:57.855+0000|2011-06-27T23:53:07.660+0000|post_creationDate_index_bPlus_100
428|581|2011-06-27T23:53:07.660+0000|2011-06-28T22:38:36.534+0000|post_creationDate_index_bPlus_100
428|402|2011-06-28T22:38:36.534+0000|2011-06-29T17:22:11.226+0000|post_creationDate_index_bPlus_100
428|908|2011-06-29T17:22:11.226+0000|2011-06-30T17:39:51.287+0000|post_creationDate_index_bPlus_100
428|50|2011-06-30T17:39:51.287+0000|2011-07-02T00:34:34.337+0000|post_creationDate_index_bPlus_100
428|977|2011-07-02T00:34:34.337+0000|2011-07-02T16:26:33.463+0000|post_creationDate_index_bPlus_100
428|527|2011-07-02T16:26:33.463+0000|2011-07-03T08:35:53.574+0000|post_creationDate_index_bPlus_100
428|260|2011-07-03T08:35:53.574+0000|2011-07-04T21:29:41.196+0000|post_creationDate_index_bPlus_100
428|525|2011-07-04T21:29:41.196+0000|2011-07-06T03:42:10.820+0000|post_creationDate_index_bPlus_100
428|104|2011-07-06T03:42:10.820+0000|2011-07-06T16:49:03.137+0000|post_creationDate_index_bPlus_100
428|740|2011-07-06T16:49:03.137+0000|2011-07-07T14:25:06.967+0000|post_creationDate_index_bPlus_100
428|232|2011-07-07T14:25:06.967+0000|2011-07-08T21:17:02.432+0000|post_creationDate_index_bPlus_100
428|902|2011-07-08T21:17:02.432+0000|2011-07-09T12:56:50.356+0000|post_creationDate_index_bPlus_100
428|435|2011-07-09T12:56:50.356+0000|2011-07-10T23:17:39.885+0000|post_creationDate_index_bPlus_100
428|654|2011-07-10T23:17:39.885+0000|2011-07-11T21:30:30.688+0000|post_creationDate_index_bPlus_100
428|13|2011-07-11T21:30:30.688+0000|2011-07-13T04:17:46.526+0000|post_creationDate_index_bPlus_100
428|437|2011-07-13T04:17:46.526+0000|2011-07-13T18:01:42.138+0000|post_creationDate_index_bPlus_100
428|924|2011-07-13T18:01:42.138+0000|2011-07-14T11:27:34.936+0000|post_creationDate_index_bPlus_100
428|151|2011-07-14T11:27:34.936+0000|2011-07-15T21:04:47.764+0000|post_creationDate_index_bPlus_100
428|855|2011-07-15T21:04:47.764+0000|2011-07-16T15:30:44.066+0000|post_creationDate_index_bPlus_100
428|495|2011-07-16T15:30:44.066+0000|2011-07-17T04:33:33.160+0000|post_creationDate_index_bPlus_100
428|978|2011-07-17T04:33:33.160+0000|2011-07-17T19:11:41.380+0000|post_creationDate_index_bPlus_100
428|284|2011-07-17T19:11:41.380+0000|2011-07-18T10:32:50.029+0000|post_creationDate_index_bPlus_100
428|851|2011-07-18T10:32:50.029+0000|2011-07-19T00:51:22.846+0000|post_creationDate_index_bPlus_100
428|546|2011-07-19T00:51:22.846+0000|2011-07-20T04:14:08.220+0000|post_creationDate_index_bPlus_100
428|651|2011-07-20T04:14:08.220+0000|2011-07-20T21:52:10.866+0000|post_creationDate_index_bPlus_100
428|100|2011-07-20T21:52:10.866+0000|2011-07-22T05:12:27.365+0000|post_creationDate_index_bPlus_100
428|559|2011-07-22T05:12:27.365+0000|2011-07-22T16:17:18.384+0000|post_creationDate_index_bPlus_100
428|351|2011-07-22T16:17:18.384+0000|2011-07-23T09:57:25.066+0000|post_creationDate_index_bPlus_100
428|843|2011-07-23T09:57:25.066+0000|2011-07-23T21:09:41.951+0000|post_creationDate_index_bPlus_100
428|171|2011-07-23T21:09:41.951+0000|2011-07-24T23:34:49.276+0000|post_creationDate_index_bPlus_100
428|656|2011-07-24T23:34:49.276+0000|2011-07-26T08:57:59.897+0000|post_creationDate_index_bPlus_100
428|297|2011-07-26T08:57:59.897+0000|2011-07-27T12:15:40.660+0000|post_creationDate_index_bPlus_100
428|739|2011-07-27T12:15:40.660+0000|2011-07-29T01:28:13.209+0000|post_creationDate_index_bPlus_100
428|73|2011-07-29T01:28:13.209+0000|2011-07-30T00:57:34.882+0000|post_creationDate_index_bPlus_100
428|596|2011-07-30T00:57:34.882+0000|2011-07-31T13:15:46.227+0000|post_creationDate_index_bPlus_100
428|389|2011-07-31T13:15:46.227+0000|2011-08-01T01:50:15.334+0000|post_creationDate_index_bPlus_100
428|583|2011-08-01T01:50:15.334+0000|2011-08-02T00:59:47.294+0000|post_creationDate_index_bPlus_100
428|221|2011-08-02T00:59:47.294+0000|2011-08-03T05:49:55.335+0000|post_creationDate_index_bPlus_100
428|465|2011-08-03T05:49:55.335+0000|2011-08-04T07:27:54.505+0000|post_creationDate_index_bPlus_100
428|729|2011-08-04T07:27:54.505+0000|2011-08-05T08:30:06.621+0000|post_creationDate_index_bPlus_100
428|42|2011-08-05T08:30:06.621+0000|2011-08-06T04:05:35.632+0000|post_creationDate_index_bPlus_100
428|606|2011-08-06T04:05:35.632+0000|2011-08-07T06:35:47.024+0000|post_creationDate_index_bPlus_100
428|278|2011-08-07T06:35:47.024+0000|2011-08-08T10:02:47.765+0000|post_creationDate_index_bPlus_100
428|390|2011-08-08T10:02:47.765+0000|2011-08-09T12:23:14.146+0000|post_creationDate_index_bPlus_100
428|114|2011-08-09T12:23:14.146+0000|2011-08-10T15:20:15.033+0000|post_creationDate_index_bPlus_100
428|704|2011-08-10T15:20:15.033+0000|2011-08-11T03:28:49.880+0000|post_creationDate_index_bPlus_100
428|201|2011-08-11T03:28:49.880+0000|2011-08-11T22:53:20.638+0000|post_creationDate_index_bPlus_100
428|877|2011-08-11T22:53:20.638+0000|2011-08-13T01:03:59.292+0000|post_creationDate_index_bPlus_100
428|452|2011-08-13T01:03:59.292+0000|2011-08-14T02:30:02.678+0000|post_creationDate_index_bPlus_100
428|708|2011-08-14T02:30:02.678+0000|2011-08-14T22:40:04.430+0000|post_creationDate_index_bPlus_100
428|19|2011-08-14T22:40:04.430+0000|2011-08-15T20:36:37.905+0000|post_creationDate_index_bPlus_100
428|675|2011-08-15T20:36:37.905+0000|2011-08-16T20:52:33.199+0000|post_creationDate_index_bPlus_100
428|388|2011-08-16T20:52:33.199+0000|2011-08-17T19:06:33.640+0000|post_creationDate_index_bPlus_100
428|633|2011-08-17T19:06:33.640+0000|2011-08-18T15:39:59.614+0000|post_creationDate_index_bPlus_100
428|178|2011-08-18T15:39:59.614+0000|2011-08-19T15:16:45.360+0000|post_creationDate_index_bPlus_100
428|961|2011-08-19T15:16:45.360+0000|2011-08-19T22:18:59.347+0000|post_creationDate_index_bPlus_100
428|554|2011-08-19T22:18:59.347+0000|2011-08-20T20:49:18.301+0000|post_creationDate_index_bPlus_100
428|116|2011-08-20T20:49:18.301+0000|2011-08-22T05:02:58.587+0000|post_creationDate_index_bPlus_100
846|453|2011-08-22T05:02:58.587+0000|2011-08-22T11:02:31.290+0000|post_creationDate_index_bPlus_100
846|955|2011-08-22T11:02:31.290+0000|2011-08-23T03:17:18.212+0000|post_creationDate_index_bPlus_100
846|259|2011-08-23T03:17:18.212+0000|2011-08-24T16:07:09.618+0000|post_creationDate_index_bPlus_100
846|541|2011-08-24T16:07:09.618+0000|2011-08-25T13:13:07.656+0000|post_creationDate_index_bPlus_100
846|816|2011-08-25T13:13:07.656+0000|2011-08-26T03:28:26.217+0000|post_creationDate_index_bPlus_100
846|85|2011-08-26T03:28:26.217+0000|2011-08-27T09:14:38.813+0000|post_creationDate_index_bPlus_100
846|321|2011-08-27T09:14:38.813+0000|2011-08-27T23:40:34.518+0000|post_creationDate_index_bPlus_100
846|731|2011-08-27T23:40:34.518+0000|2011-08-28T13:31:39.998+0000|post_creationDate_index_bPlus_100
846|192|2011-08-28T13:31:39.998+0000|2011-08-30T13:58:46.191+0000|post_creationDate_index_bPlus_100
846|615|2011-08-30T13:58:46.191+0000|2011-08-30T20:36:14.432+0000|post_creationDate_index_bPlus_100
846|60|2011-08-30T20:36:14.432+0000|2011-08-31T17:00:44.097+0000|post_creationDate_index_bPlus_100
846|791|2011-08-31T17:00:44.097+0000|2011-09-01T21:35:55.148+0000|post_creationDate_index_bPlus_100
846|470|2011-09-01T21:35:55.148+0000|2011-09-02T19:53:42.125+0000|post_creationDate_index_bPlus_100
846|821|2011-09-02T19:53:42.125+0000|2011-09-03T04:29:39.535+0000|post_creationDate_index_bPlus_100
846|266|2011-09-03T04:29:39.535+0000|2011-09-04T05:08:47.859+0000|post_creationDate_index_bPlus_100
846|621|2011-09-04T05:08:47.859+0000|2011-09-05T04:38:33.107+0000|post_creationDate_index_bPlus_100
846|125|2011-09-05T04:38:33.107+0000|2011-09-05T20:20:07.020+0000|post_creationDate_index_bPlus_100
846|836|2011-09-05T20:20:07.020+0000|2011-09-06T09:43:07.844+0000|post_creationDate_index_bPlus_100
846|475|2011-09-06T09:43:07.844+0000|2011-09-06T23:29:02.896+0000|post_creationDate_index_bPlus_100
846|852|2011-09-06T23:29:02.896+0000|2011-09-07T21:46:03.649+0000|post_creationDate_index_bPlus_100
846|37|2011-09-07T21:46:03.649+0000|2011-09-09T07:48:19.448+0000|post_creationDate_index_bPlus_100
846|454|2011-09-09T07:48:19.448+0000|2011-09-10T04:17:01.572+0000|post_creationDate_index_bPlus_100
846|906|2011-09-10T04:17:01.572+0000|2011-09-10T21:26:43.798+0000|post_creationDate_index_bPlus_100
846|124|2011-09-10T21:26:43.798+0000|2011-09-11T07:25:06.656+0000|post_creationDate_index_bPlus_100
846|943|2011-09-11T07:25:06.656+0000|2011-09-11T16:48:34.769+0000|post_creationDate_index_bPlus_100
846|457|2011-09-11T16:48:34.769+0000|2011-09-12T09:06:33.278+0000|post_creationDate_index_bPlus_100
846|253|2011-09-12T09:06:33.278+0000|2011-09-13T15:50:51.512+0000|post_creationDate_index_bPlus_100
846|591|2011-09-13T15:50:51.512+0000|2011-09-14T05:33:03.259+0000|post_creationDate_index_bPlus_100
846|945|2011-09-14T05:33:03.259+0000|2011-09-15T03:58:07.707+0000|post_creationDate_index_bPlus_100
846|58|2011-09-15T03:58:07.707+0000|2011-09-16T01:34:38.375+0000|post_creationDate_index_bPlus_100
846|461|2011-09-16T01:34:38.375+0000|2011-09-17T00:55:25.309+0000|post_creationDate_index_bPlus_100
846|399|2011-09-17T00:55:25.309+0000|2011-09-17T07:16:29.326+0000|post_creationDate_index_bPlus_100
846|681|2011-09-17T07:16:29.326+0000|2011-09-18T03:01:12.540+0000|post_creationDate_index_bPlus_100
846|224|2011-09-18T03:01:12.540+0000|2011-09-18T19:14:26.387+0000|post_creationDate_index_bPlus_100
846|324|2011-09-18T19:14:26.387+0000|2011-09-19T05:16:29.152+0000|post_creationDate_index_bPlus_100
846|775|2011-09-19T05:16:29.152+0000|2011-09-19T20:23:45.672+0000|post_creationDate_index_bPlus_100
846|83|2011-09-19T20:23:45.672+0000|2011-09-20T08:01:40.536+0000|post_creationDate_index_bPlus_100
846|960|2011-09-20T08:01:40.536+0000|2011-09-21T03:44:18.573+0000|post_creationDate_index_bPlus_100
846|679|2011-09-21T03:44:18.573+0000|2011-09-21T18:10:51.947+0000|post_creationDate_index_bPlus_100
846|372|2011-09-21T18:10:51.947+0000|2011-09-22T06:27:44.353+0000|post_creationDate_index_bPlus_100
846|748|2011-09-22T06:27:44.353+0000|2011-09-23T02:30:15.556+0000|post_creationDate_index_bPlus_100
846|172|2011-09-23T02:30:15.556+0000|2011-09-23T13:36:09.708+0000|post_creationDate_index_bPlus_100
846|385|2011-09-23T13:36:09.708+0000|2011-09-24T08:23:17.698+0000|post_creationDate_index_bPlus_100
846|8|2011-09-24T08:23:17.698+0000|2011-09-25T04:17:35.052+0000|post_creationDate_index_bPlus_100
846|565|2011-09-25T04:17:35.052+0000|2011-09-25T16:12:52.921+0000|post_creationDate_index_bPlus_100
846|368|2011-09-25T16:12:52.921+0000|2011-09-26T18:19:13.095+0000|post_creationDate_index_bPlus_100
846|665|2011-09-26T18:19:13.095+0000|2011-09-27T07:42:28.468+0000|post_creationDate_index_bPlus_100
846|197|2011-09-27T07:42:28.468+0000|2011-09-27T15:14:14.229+0000|post_creationDate_index_bPlus_100
846|580|2011-09-27T15:14:14.229+0000|2011-09-28T12:54:18.321+0000|post_creationDate_index_bPlus_100
846|127|2011-09-28T12:54:18.321+0000|2011-09-28T22:23:36.503+0000|post_creationDate_index_bPlus_100
846|458|2011-09-28T22:23:36.503+0000|2011-09-30T05:28:42.974+0000|post_creationDate_index_bPlus_100
846|263|2011-09-30T05:28:42.974+0000|2011-10-01T21:06:43.862+0000|post_creationDate_index_bPlus_100
846|490|2011-10-01T21:06:43.862+0000|2011-10-02T10:45:23.196+0000|post_creationDate_index_bPlus_100
846|720|2011-10-02T10:45:23.196+0000|2011-10-03T09:33:07.089+0000|post_creationDate_index_bPlus_100
846|54|2011-10-03T09:33:07.089+0000|2011-10-04T07:30:46.489+0000|post_creationDate_index_bPlus_100
846|638|2011-10-04T07:30:46.489+0000|2011-10-04T22:35:14.333+0000|post_creationDate_index_bPlus_100
846|200|2011-10-04T22:35:14.333+0000|2011-10-05T19:00:09.735+0000|post_creationDate_index_bPlus_100
846|718|2011-10-05T19:00:09.735+0000|2011-10-06T04:31:39.735+0000|post_creationDate_index_bPlus_100
846|84|2011-10-06T04:31:39.735+0000|2011-10-06T14:12:29.256+0000|post_creationDate_index_bPlus_100
846|845|2011-10-06T14:12:29.256+0000|2011-10-06T20:46:32.045+0000|post_creationDate_index_bPlus_100
846|301|2011-10-06T20:46:32.045+0000|2011-10-07T03:16:06.658+0000|post_creationDate_index_bPlus_100
846|809|2011-10-07T03:16:06.658+0000|2011-10-07T16:23:23.781+0000|post_creationDate_index_bPlus_100
846|217|2011-10-07T16:23:23.781+0000|2011-10-08T08:21:01.176+0000|post_creationDate_index_bPlus_100
846|848|2011-10-08T08:21:01.176+0000|2011-10-08T18:25:02.036+0000|post_creationDate_index_bPlus_100
846|34|2011-10-08T18:25:02.036+0000|2011-10-09T14:45:10.107+0000|post_creationDate_index_bPlus_100
846|660|2011-10-09T14:45:10.107+0000|2011-10-10T07:34:16.389+0000|post_creationDate_index_bPlus_100
846|296|2011-10-10T07:34:16.389+0000|2011-10-11T06:34:46.796+0000|post_creationDate_index_bPlus_100
846|780|2011-10-11T06:34:46.796+0000|2011-10-12T01:42:48.689+0000|post_creationDate_index_bPlus_100
846|154|2011-10-12T01:42:48.689+0000|2011-10-12T09:44:00.924+0000|post_creationDate_index_bPlus_100
846|663|2011-10-12T09:44:00.924+0000|2011-10-12T19:54:52.087+0000|post_creationDate_index_bPlus_100
846|303|2011-10-12T19:54:52.087+0000|2011-10-13T02:06:52.087+0000|post_creationDate_index_bPlus_100
846|732|2011-10-13T02:06:52.087+0000|2011-10-13T15:40:06.224+0000|post_creationDate_index_bPlus_100
846|88|2011-10-13T15:40:06.224+0000|2011-10-14T07:51:21.759+0000|post_creationDate_index_bPlus_100
846|949|2011-10-14T07:51:21.759+0000|2011-10-14T21:43:09.624+0000|post_creationDate_index_bPlus_100
846|376|2011-10-14T21:43:09.624+0000|2011-10-15T07:14:24.958+0000|post_creationDate_index_bPlus_100
846|751|2011-10-15T07:14:24.958+0000|2011-10-15T21:16:51.896+0000|post_creationDate_index_bPlus_100
846|176|2011-10-15T21:16:51.896+0000|2011-10-16T04:33:10.461+0000|post_creationDate_index_bPlus_100
846|395|2011-10-16T04:33:10.461+0000|2011-10-16T09:08:23.955+0000|post_creationDate_index_bPlus_100
846|696|2011-10-16T09:08:23.955+0000|2011-10-16T15:47:23.955+0000|post_creationDate_index_bPlus_100
846|44|2011-10-16T15:47:23.955+0000|2011-10-17T10:13:27.271+0000|post_creationDate_index_bPlus_100
846|813|2011-10-17T10:13:27.271+0000|2011-10-17T22:20:25.711+0000|post_creationDate_index_bPlus_100
846|464|2011-10-17T22:20:25.711+0000|2011-10-18T14:28:46.595+0000|post_creationDate_index_bPlus_100
846|832|2011-10-18T14:28:46.595+0000|2011-10-19T12:45:03.099+0000|post_creationDate_index_bPlus_100
846|306|2011-10-19T12:45:03.099+0000|2011-10-20T05:14:07.530+0000|post_creationDate_index_bPlus_100
846|998|2011-10-20T05:14:07.530+0000|2011-10-20T14:43:07.961+0000|post_creationDate_index_bPlus_100
846|567|2011-10-20T14:43:07.961+0000|2011-10-21T18:13:04.785+0000|post_creationDate_index_bPlus_100
846|122|2011-10-21T18:13:04.785+0000|2011-10-22T12:06:30.069+0000|post_creationDate_index_bPlus_100
846|688|2011-10-22T12:06:30.069+0000|2011-10-23T01:40:08.750+0000|post_creationDate_index_bPlus_100
846|439|2011-10-23T01:40:08.750+0000|2011-10-24T09:32:35.926+0000|post_creationDate_index_bPlus_100
846|687|2011-10-24T09:32:35.926+0000|2011-10-25T02:55:39.903+0000|post_creationDate_index_bPlus_100
846|79|2011-10-25T02:55:39.903+0000|2011-10-25T13:58:47.111+0000|post_creationDate_index_bPlus_100
846|891|2011-10-25T13:58:47.111+0000|2011-10-26T01:33:26.379+0000|post_creationDate_index_bPlus_100
846|692|2011-10-26T01:33:26.379+0000|2011-10-26T15:44:50.546+0000|post_creationDate_index_bPlus_100
846|164|2011-10-26T15:44:50.546+0000|2011-10-26T23:45:00.523+0000|post_creationDate_index_bPlus_100
846|602|2011-10-26T23:45:00.523+0000|2011-10-27T17:29:14.952+0000|post_creationDate_index_bPlus_100
846|381|2011-10-27T17:29:14.952+0000|2011-10-28T13:15:56.337+0000|post_creationDate_index_bPlus_100
846|537|2011-10-28T13:15:56.337+0000|2011-10-29T04:41:31.678+0000|post_creationDate_index_bPlus_100
846|929|2011-10-29T04:41:31.678+0000|2011-10-29T14:17:16.059+0000|post_creationDate_index_bPlus_100
846|21|2011-10-29T14:17:16.059+0000|2011-10-30T13:37:52.949+0000|post_creationDate_index_bPlus_100
846|566|2011-10-30T13:37:52.949+0000|2011-10-31T03:52:03.836+0000|post_creationDate_index_bPlus_100
846|269|2011-10-31T03:52:03.836+0000|2011-11-01T01:57:15.112+0000|post_creationDate_index_bPlus_100
846|952|2011-11-01T01:57:15.112+0000|2011-11-01T13:16:32.075+0000|post_creationDate_index_bPlus_100
846|473|2011-11-01T13:16:32.075+0000|2011-11-02T07:36:54.205+0000|post_creationDate_index_bPlus_100
846|765|2011-11-02T07:36:54.205+0000|2011-11-03T11:20:34.981+0000|post_creationDate_index_bPlus_100
846|66|2011-11-03T11:20:34.981+0000|2011-11-04T02:16:49.077+0000|post_creationDate_index_bPlus_100
846|522|2011-11-04T02:16:49.077+0000|2011-11-05T05:23:18.734+0000|post_creationDate_index_bPlus_100
846|183|2011-11-05T05:23:18.734+0000|2011-11-05T16:42:01.226+0000|post_creationDate_index_bPlus_100
846|513|2011-11-05T16:42:01.226+0000|2011-11-06T18:21:10.106+0000|post_creationDate_index_bPlus_100
846|358|2011-11-06T18:21:10.106+0000|2011-11-07T21:24:18.431+0000|post_creationDate_index_bPlus_100
846|16|2011-11-07T21:24:18.431+0000|2011-11-08T10:27:10.897+0000|post_creationDate_index_bPlus_100
846|768|2011-11-08T10:27:10.897+0000|2011-11-09T02:42:33.620+0000|post_creationDate_index_bPlus_100
846|349|2011-11-09T02:42:33.620+0000|2011-11-09T13:12:37.462+0000|post_creationDate_index_bPlus_100
846|942|2011-11-09T13:12:37.462+0000|2011-11-09T20:36:12.641+0000|post_creationDate_index_bPlus_100
846|594|2011-11-09T20:36:12.641+0000|2011-11-10T15:37:59.736+0000|post_creationDate_index_bPlus_100
203|141|2011-11-10T15:37:59.736+0000|2011-11-11T11:18:41.837+0000|post_creationDate_index_bPlus_100
203|614|2011-11-11T11:18:41.837+0000|2011-11-12T05:06:33.544+0000|post_creationDate_index_bPlus_100
203|308|2011-11-12T05:06:33.544+0000|2011-11-12T13:33:43.420+0000|post_creationDate_index_bPlus_100
203|892|2011-11-12T13:33:43.420+0000|2011-11-12T22:38:39.348+0000|post_creationDate_index_bPlus_100
203|219|2011-11-12T22:38:39.348+0000|2011-11-13T16:10:13.990+0000|post_creationDate_index_bPlus_100
203|716|2011-11-13T16:10:13.990+0000|2011-11-15T05:22:18.492+0000|post_creationDate_index_bPlus_100
203|359|2011-11-15T05:22:18.492+0000|2011-11-16T07:17:30.330+0000|post_creationDate_index_bPlus_100
203|767|2011-11-16T07:17:30.330+0000|2011-11-17T03:08:02.057+0000|post_creationDate_index_bPlus_100
203|68|2011-11-17T03:08:02.057+0000|2011-11-17T10:02:41.370+0000|post_creationDate_index_bPlus_100
203|763|2011-11-17T10:02:41.370+0000|2011-11-17T23:07:17.451+0000|post_creationDate_index_bPlus_100
203|404|2011-11-17T23:07:17.451+0000|2011-11-19T05:59:52.043+0000|post_creationDate_index_bPlus_100
203|735|2011-11-19T05:59:52.043+0000|2011-11-19T22:05:49.733+0000|post_creationDate_index_bPlus_100
203|133|2011-11-19T22:05:49.733+0000|2011-11-20T11:04:28.981+0000|post_creationDate_index_bPlus_100
203|697|2011-11-20T11:04:28.981+0000|2011-11-21T02:17:32.343+0000|post_creationDate_index_bPlus_100
203|214|2011-11-21T02:17:32.343+0000|2011-11-21T17:09:55.241+0000|post_creationDate_index_bPlus_100
203|869|2011-11-21T17:09:55.241+0000|2011-11-22T13:05:02.421+0000|post_creationDate_index_bPlus_100
203|593|2011-11-22T13:05:02.421+0000|2011-11-23T08:55:09.006+0000|post_creationDate_index_bPlus_100
203|35|2011-11-23T08:55:09.006+0000|2011-11-23T22:51:43.211+0000|post_creationDate_index_bPlus_100
203|576|2011-11-23T22:51:43.211+0000|2011-11-24T14:26:06.807+0000|post_creationDate_index_bPlus_100
203|850|2011-11-24T14:26:06.807+0000|2011-11-25T02:40:06.899+0000|post_creationDate_index_bPlus_100
203|209|2011-11-25T02:40:06.899+0000|2011-11-25T12:38:30.084+0000|post_creationDate_index_bPlus_100
203|466|2011-11-25T12:38:30.084+0000|2011-11-25T20:19:47.360+0000|post_creationDate_index_bPlus_100
203|831|2011-11-25T20:19:47.360+0000|2011-11-26T06:39:29.717+0000|post_creationDate_index_bPlus_100
203|131|2011-11-26T06:39:29.717+0000|2011-11-26T19:25:34.923+0000|post_creationDate_index_bPlus_100
203|790|2011-11-26T19:25:34.923+0000|2011-11-27T11:07:29.807+0000|post_creationDate_index_bPlus_100
203|298|2011-11-27T11:07:29.807+0000|2011-11-28T10:36:12.678+0000|post_creationDate_index_bPlus_100
203|623|2011-11-28T10:36:12.678+0000|2011-11-29T01:06:22.769+0000|post_creationDate_index_bPlus_100
203|61|2011-11-29T01:06:22.769+0000|2011-11-30T02:41:17.043+0000|post_creationDate_index_bPlus_100
203|582|2011-11-30T02:41:17.043+0000|2011-12-01T06:33:28.088+0000|post_creationDate_index_bPlus_100
203|258|2011-12-01T06:33:28.088+0000|2011-12-01T22:32:03.103+0000|post_creationDate_index_bPlus_100
203|456|2011-12-01T22:32:03.103+0000|2011-12-02T21:59:28.268+0000|post_creationDate_index_bPlus_100
203|184|2011-12-02T21:59:28.268+0000|2011-12-03T11:40:39.501+0000|post_creationDate_index_bPlus_100
203|794|2011-12-03T11:40:39.501+0000|2011-12-03T19:02:51.972+0000|post_creationDate_index_bPlus_100
203|414|2011-12-03T19:02:51.972+0000|2011-12-04T11:03:11.485+0000|post_creationDate_index_bPlus_100
203|123|2011-12-04T11:03:11.485+0000|2011-12-05T07:13:48.180+0000|post_creationDate_index_bPlus_100
203|505|2011-12-05T07:13:48.180+0000|2011-12-06T04:04:56.187+0000|post_creationDate_index_bPlus_100
203|235|2011-12-06T04:04:56.187+0000|2011-12-06T16:00:28.582+0000|post_creationDate_index_bPlus_100
203|828|2011-12-06T16:00:28.582+0000|2011-12-07T16:50:58.883+0000|post_creationDate_index_bPlus_100
203|354|2011-12-07T16:50:58.883+0000|2011-12-08T06:57:12.027+0000|post_creationDate_index_bPlus_100
203|802|2011-12-08T06:57:12.027+0000|2011-12-09T15:59:47.505+0000|post_creationDate_index_bPlus_100
203|11|2011-12-09T15:59:47.505+0000|2011-12-10T09:39:59.828+0000|post_creationDate_index_bPlus_100
203|484|2011-12-10T09:39:59.828+0000|2011-12-10T22:27:37.859+0000|post_creationDate_index_bPlus_100
203|693|2011-12-10T22:27:37.859+0000|2011-12-11T08:53:59.982+0000|post_creationDate_index_bPlus_100
203|147|2011-12-11T08:53:59.982+0000|2011-12-11T18:03:05.202+0000|post_creationDate_index_bPlus_100
203|879|2011-12-11T18:03:05.202+0000|2011-12-12T06:46:24.096+0000|post_creationDate_index_bPlus_100
203|245|2011-12-12T06:46:24.096+0000|2011-12-13T05:30:26.022+0000|post_creationDate_index_bPlus_100
203|793|2011-12-13T05:30:26.022+0000|2011-12-14T01:07:45.925+0000|post_creationDate_index_bPlus_100
203|422|2011-12-14T01:07:45.925+0000|2011-12-14T21:19:59.529+0000|post_creationDate_index_bPlus_100
203|745|2011-12-14T21:19:59.529+0000|2011-12-15T07:53:56.104+0000|post_creationDate_index_bPlus_100
203|69|2011-12-15T07:53:56.104+0000|2011-12-16T02:38:52.810+0000|post_creationDate_index_bPlus_100
203|647|2011-12-16T02:38:52.810+0000|2011-12-16T15:33:43.442+0000|post_creationDate_index_bPlus_100
203|753|2011-12-16T15:33:43.442+0000|2011-12-17T13:29:14.610+0000|post_creationDate_index_bPlus_100
203|280|2011-12-17T13:29:14.610+0000|2011-12-18T12:18:07.620+0000|post_creationDate_index_bPlus_100
203|608|2011-12-18T12:18:07.620+0000|2011-12-19T07:17:19.019+0000|post_creationDate_index_bPlus_100
203|130|2011-12-19T07:17:19.019+0000|2011-12-19T18:06:49.958+0000|post_creationDate_index_bPlus_100
203|600|2011-12-19T18:06:49.958+0000|2011-12-20T09:54:51.827+0000|post_creationDate_index_bPlus_100
203|211|2011-12-20T09:54:51.827+0000|2011-12-20T21:28:30.479+0000|post_creationDate_index_bPlus_100
203|631|2011-12-20T21:28:30.479+0000|2011-12-21T17:31:35.309+0000|post_creationDate_index_bPlus_100
203|417|2011-12-21T17:31:35.309+0000|2011-12-22T03:42:15.305+0000|post_creationDate_index_bPlus_100
203|930|2011-12-22T03:42:15.305+0000|2011-12-22T17:47:44.344+0000|post_creationDate_index_bPlus_100
203|28|2011-12-22T17:47:44.344+0000|2011-12-23T01:55:45.798+0000|post_creationDate_index_bPlus_100
203|789|2011-12-23T01:55:45.798+0000|2011-12-23T10:57:18.052+0000|post_creationDate_index_bPlus_100
203|462|2011-12-23T10:57:18.052+0000|2011-12-24T07:56:47.336+0000|post_creationDate_index_bPlus_100
203|749|2011-12-24T07:56:47.336+0000|2011-12-25T03:29:31.148+0000|post_creationDate_index_bPlus_100
203|241|2011-12-25T03:29:31.148+0000|2011-12-25T17:50:33.009+0000|post_creationDate_index_bPlus_100
203|957|2011-12-25T17:50:33.009+0000|2011-12-26T08:17:25.567+0000|post_creationDate_index_bPlus_100
203|548|2011-12-26T08:17:25.567+0000|2011-12-26T18:19:44.522+0000|post_creationDate_index_bPlus_100
203|684|2011-12-26T18:19:44.522+0000|2011-12-27T18:11:59.863+0000|post_creationDate_index_bPlus_100
203|342|2011-12-27T18:11:59.863+0000|2011-12-28T11:42:15.898+0000|post_creationDate_index_bPlus_100
203|992|2011-12-28T11:42:15.898+0000|2011-12-29T01:38:52.752+0000|post_creationDate_index_bPlus_100
203|126|2011-12-29T01:38:52.752+0000|2011-12-29T11:27:34.855+0000|post_creationDate_index_bPlus_100
203|658|2011-12-29T11:27:34.855+0000|2011-12-29T18:41:11.404+0000|post_creationDate_index_bPlus_100
203|783|2011-12-29T18:41:11.404+0000|2011-12-30T07:20:48.391+0000|post_creationDate_index_bPlus_100
203|446|2011-12-30T07:20:48.391+0000|2011-12-30T23:04:41.988+0000|post_creationDate_index_bPlus_100
203|49|2011-12-30T23:04:41.988+0000|2011-12-31T11:04:33.016+0000|post_creationDate_index_bPlus_100
203|889|2011-12-31T11:04:33.016+0000|2011-12-31T23:38:00.778+0000|post_creationDate_index_bPlus_100
203|561|2011-12-31T23:38:00.778+0000|2012-01-01T14:32:00.618+0000|post_creationDate_index_bPlus_100
203|997|2012-01-01T14:32:00.618+0000|2012-01-01T22:22:03.911+0000|post_creationDate_index_bPlus_100
203|285|2012-01-01T22:22:03.911+0000|2012-01-02T15:01:17.048+0000|post_creationDate_index_bPlus_100
203|761|2012-01-02T15:01:17.048+0000|2012-01-03T04:42:59.979+0000|post_creationDate_index_bPlus_100
203|430|2012-01-03T04:42:59.979+0000|2012-01-03T16:17:47.740+0000|post_creationDate_index_bPlus_100
203|155|2012-01-03T16:17:47.740+0000|2012-01-04T07:35:56.750+0000|post_creationDate_index_bPlus_100
203|741|2012-01-04T07:35:56.750+0000|2012-01-05T03:26:31.974+0000|post_creationDate_index_bPlus_100
203|346|2012-01-05T03:26:31.974+0000|2012-01-05T17:24:45.608+0000|post_creationDate_index_bPlus_100
203|674|2012-01-05T17:24:45.608+0000|2012-01-06T02:58:28.386+0000|post_creationDate_index_bPlus_100
203|857|2012-01-06T02:58:28.386+0000|2012-01-06T12:36:19.677+0000|post_creationDate_index_bPlus_100
203|80|2012-01-06T12:36:19.677+0000|2012-01-07T00:32:17.104+0000|post_creationDate_index_bPlus_100
203|766|2012-01-07T00:32:17.104+0000|2012-01-07T13:59:35.696+0000|post_creationDate_index_bPlus_100
203|487|2012-01-07T13:59:35.696+0000|2012-01-08T00:03:10.405+0000|post_creationDate_index_bPlus_100
203|970|2012-01-08T00:03:10.405+0000|2012-01-08T15:44:08.925+0000|post_creationDate_index_bPlus_100
203|246|2012-01-08T15:44:08.925+0000|2012-01-09T03:14:08.691+0000|post_creationDate_index_bPlus_100
203|841|2012-01-09T03:14:08.691+0000|2012-01-09T17:15:24.247+0000|post_creationDate_index_bPlus_100
203|573|2012-01-09T17:15:24.247+0000|2012-01-09T23:04:35.525+0000|post_creationDate_index_bPlus_100
203|440|2012-01-09T23:04:35.525+0000|2012-01-10T10:05:14.449+0000|post_creationDate_index_bPlus_100
203|792|2012-01-10T10:05:14.449+0000|2012-01-11T01:10:04.242+0000|post_creationDate_index_bPlus_100
203|5|2012-01-11T01:10:04.242+0000|2012-01-11T13:34:32.747+0000|post_creationDate_index_bPlus_100
203|810|2012-01-11T13:34:32.747+0000|2012-01-12T06:23:05.146+0000|post_creationDate_index_bPlus_100
203|590|2012-01-12T06:23:05.146+0000|2012-01-13T12:27:00.593+0000|post_creationDate_index_bPlus_100
203|256|2012-01-13T12:27:00.593+0000|2012-01-14T10:34:43.905+0000|post_creationDate_index_bPlus_100
203|413|2012-01-14T10:34:43.905+0000|2012-01-14T20:13:48.186+0000|post_creationDate_index_bPlus_100
203|806|2012-01-14T20:13:48.186+0000|2012-01-15T05:57:31.470+0000|post_creationDate_index_bPlus_100
203|107|2012-01-15T05:57:31.470+0000|2012-01-16T07:58:17.503+0000|post_creationDate_index_bPlus_100
203|498|2012-01-16T07:58:17.503+0000|2012-01-17T00:39:56.231+0000|post_creationDate_index_bPlus_100
203|378|2012-01-17T00:39:56.231+0000|2012-01-17T20:12:02.506+0000|post_creationDate_index_bPlus_100
203|181|2012-01-17T20:12:02.506+0000|2012-01-18T09:05:59.586+0000|post_creationDate_index_bPlus_100
203|854|2012-01-18T09:05:59.586+0000|2012-01-18T15:39:44.951+0000|post_creationDate_index_bPlus_100
203|514|2012-01-18T15:39:44.951+0000|2012-01-19T06:51:09.604+0000|post_creationDate_index_bPlus_100
203|322|2012-01-19T06:51:09.604+0000|2012-01-19T20:41:03.202+0000|post_creationDate_index_bPlus_100
203|57|2012-01-19T20:41:03.202+0000|2012-01-20T21:27:49.528+0000|post_creationDate_index_bPlus_100
203|677|2012-01-20T21:27:49.528+0000|2012-01-21T17:43:21.578+0000|post_creationDate_index_bPlus_100
203|339|2012-01-21T17:43:21.578+0000|2012-01-22T16:50:10.131+0000|post_creationDate_index_bPlus_100
203|844|2012-01-22T16:50:10.131+0000|2012-01-23T02:35:44.757+0000|post_creationDate_index_bPlus_100
203|511|2012-01-23T02:35:44.757+0000|2012-01-23T19:24:03.598+0000|post_creationDate_index_bPlus_100
203|179|2012-01-23T19:24:03.598+0000|2012-01-24T20:21:30.018+0000|post_creationDate_index_bPlus_100
203|721|2012-01-24T20:21:30.018+0000|2012-01-25T02:00:05.909+0000|post_creationDate_index_bPlus_100
203|383|2012-01-25T02:00:05.909+0000|2012-01-25T18:00:50.066+0000|post_creationDate_index_bPlus_100
203|102|2012-01-25T18:00:50.066+0000|2012-01-26T18:19:47.661+0000|post_creationDate_index_bPlus_100
203|568|2012-01-26T18:19:47.661+0000|2012-01-27T11:47:32.546+0000|post_creationDate_index_bPlus_100
203|882|2012-01-27T11:47:32.546+0000|2012-01-27T21:46:19.463+0000|post_creationDate_index_bPlus_100
203|229|2012-01-27T21:46:19.463+0000|2012-01-28T08:25:28.690+0000|post_creationDate_index_bPlus_100
203|905|2012-01-28T08:25:28.690+0000|2012-01-28T23:00:49.466+0000|post_creationDate_index_bPlus_100
203|482|2012-01-28T23:00:49.466+0000|2012-01-29T22:45:14.659+0000|post_creationDate_index_bPlus_100
203|772|2012-01-29T22:45:14.659+0000|2012-01-30T10:10:22.583+0000|post_creationDate_index_bPlus_100
203|26|2012-01-30T10:10:22.583+0000|2012-01-31T07:51:35.068+0000|post_creationDate_index_bPlus_100
203|784|2012-01-31T07:51:35.068+0000|2012-02-01T00:46:28.171+0000|post_creationDate_index_bPlus_100
203|338|2012-02-01T00:46:28.171+0000|2012-02-01T08:08:18.135+0000|post_creationDate_index_bPlus_100
203|872|2012-02-01T08:08:18.135+0000|2012-02-01T23:03:43.742+0000|post_creationDate_index_bPlus_100
203|536|2012-02-01T23:03:43.742+0000|2012-02-02T23:46:13.782+0000|post_creationDate_index_bPlus_100
203|189|2012-02-02T23:46:13.782+0000|2012-02-03T14:40:25.409+0000|post_creationDate_index_bPlus_100
203|824|2012-02-03T14:40:25.409+0000|2012-02-04T01:31:53.211+0000|post_creationDate_index_bPlus_100
203|431|2012-02-04T01:31:53.211+0000|2012-02-04T18:50:04.223+0000|post_creationDate_index_bPlus_100
203|776|2012-02-04T18:50:04.223+0000|2012-02-05T08:30:58.307+0000|post_creationDate_index_bPlus_100
203|92|2012-02-05T08:30:58.307+0000|2012-02-05T22:18:18.888+0000|post_creationDate_index_bPlus_100
203|805|2012-02-05T22:18:18.888+0000|2012-02-06T21:50:30.867+0000|post_creationDate_index_bPlus_100
203|508|2012-02-06T21:50:30.867+0000|2012-02-07T07:08:20.963+0000|post_creationDate_index_bPlus_100
203|999|2012-02-07T07:08:20.963+0000|2012-02-07T13:25:28.237+0000|post_creationDate_index_bPlus_100
203|216|2012-02-07T13:25:28.237+0000|2012-02-08T18:13:19.695+0000|post_creationDate_index_bPlus_100
764|43|2012-02-08T18:13:19.695+0000|2012-02-09T11:01:06.904+0000|post_creationDate_index_bPlus_100
764|921|2012-02-09T11:01:06.904+0000|2012-02-09T16:00:54.846+0000|post_creationDate_index_bPlus_100
764|686|2012-02-09T16:00:54.846+0000|2012-02-10T06:17:48.267+0000|post_creationDate_index_bPlus_100
764|341|2012-02-10T06:17:48.267+0000|2012-02-11T01:39:29.622+0000|post_creationDate_index_bPlus_100
764|551|2012-02-11T01:39:29.622+0000|2012-02-12T04:37:31.218+0000|post_creationDate_index_bPlus_100
764|158|2012-02-12T04:37:31.218+0000|2012-02-12T14:57:56.801+0000|post_creationDate_index_bPlus_100
764|754|2012-02-12T14:57:56.801+0000|2012-02-13T14:14:39.884+0000|post_creationDate_index_bPlus_100
764|313|2012-02-13T14:14:39.884+0000|2012-02-14T07:19:14.646+0000|post_creationDate_index_bPlus_100
764|550|2012-02-14T07:19:14.646+0000|2012-02-14T15:26:08.012+0000|post_creationDate_index_bPlus_100
764|830|2012-02-14T15:26:08.012+0000|2012-02-15T06:53:54.910+0000|post_creationDate_index_bPlus_100
764|99|2012-02-15T06:53:54.910+0000|2012-02-15T21:58:02.949+0000|post_creationDate_index_bPlus_100
764|756|2012-02-15T21:58:02.949+0000|2012-02-16T22:19:45.468+0000|post_creationDate_index_bPlus_100
764|489|2012-02-16T22:19:45.468+0000|2012-02-17T07:35:37.930+0000|post_creationDate_index_bPlus_100
764|953|2012-02-17T07:35:37.930+0000|2012-02-17T23:49:28.891+0000|post_creationDate_index_bPlus_100
764|226|2012-02-17T23:49:28.891+0000|2012-02-18T16:15:12.772+0000|post_creationDate_index_bPlus_100
764|833|2012-02-18T16:15:12.772+0000|2012-02-18T22:28:50.450+0000|post_creationDate_index_bPlus_100
764|483|2012-02-18T22:28:50.450+0000|2012-02-20T00:27:17.183+0000|post_creationDate_index_bPlus_100
764|849|2012-02-20T00:27:17.183+0000|2012-02-20T14:59:09.463+0000|post_creationDate_index_bPlus_100
764|67|2012-02-20T14:59:09.463+0000|2012-02-20T18:31:04.921+0000|post_creationDate_index_bPlus_100
764|950|2012-02-20T18:31:04.921+0000|2012-02-21T03:22:25.998+0000|post_creationDate_index_bPlus_100
764|707|2012-02-21T03:22:25.998+0000|2012-02-21T11:17:39.069+0000|post_creationDate_index_bPlus_100
764|295|2012-02-21T11:17:39.069+0000|2012-02-21T16:27:23.336+0000|post_creationDate_index_bPlus_100
764|980|2012-02-21T16:27:23.336+0000|2012-02-21T21:59:50.257+0000|post_creationDate_index_bPlus_100
764|579|2012-02-21T21:59:50.257+0000|2012-02-22T09:08:56.558+0000|post_creationDate_index_bPlus_100
764|142|2012-02-22T09:08:56.558+0000|2012-02-22T20:20:38.853+0000|post_creationDate_index_bPlus_100
764|719|2012-02-22T20:20:38.853+0000|2012-02-23T09:00:14.069+0000|post_creationDate_index_bPlus_100
764|367|2012-02-23T09:00:14.069+0000|2012-02-23T22:45:05.248+0000|post_creationDate_index_bPlus_100
764|885|2012-02-23T22:45:05.248+0000|2012-02-24T08:35:15.372+0000|post_creationDate_index_bPlus_100
764|213|2012-02-24T08:35:15.372+0000|2012-02-24T23:31:45.509+0000|post_creationDate_index_bPlus_100
764|907|2012-02-24T23:31:45.509+0000|2012-02-25T09:26:03.209+0000|post_creationDate_index_bPlus_100
764|379|2012-02-25T09:26:03.209+0000|2012-02-26T02:17:36.823+0000|post_creationDate_index_bPlus_100
764|630|2012-02-26T02:17:36.823+0000|2012-02-26T13:54:17.269+0000|post_creationDate_index_bPlus_100
764|956|2012-02-26T13:54:17.269+0000|2012-02-27T01:59:00.543+0000|post_creationDate_index_bPlus_100
764|106|2012-02-27T01:59:00.543+0000|2012-02-27T15:43:41.350+0000|post_creationDate_index_bPlus_100
764|771|2012-02-27T15:43:41.350+0000|2012-02-28T19:56:23.367+0000|post_creationDate_index_bPlus_100
764|492|2012-02-28T19:56:23.367+0000|2012-02-29T05:07:53.552+0000|post_creationDate_index_bPlus_100
764|859|2012-02-29T05:07:53.552+0000|2012-02-29T13:22:44.538+0000|post_creationDate_index_bPlus_100
764|267|2012-02-29T13:22:44.538+0000|2012-03-01T03:56:36.986+0000|post_creationDate_index_bPlus_100
764|479|2012-03-01T03:56:36.986+0000|2012-03-01T15:27:01.758+0000|post_creationDate_index_bPlus_100
764|212|2012-03-01T15:27:01.758+0000|2012-03-02T08:29:20.782+0000|post_creationDate_index_bPlus_100
764|694|2012-03-02T08:29:20.782+0000|2012-03-02T16:04:56.667+0000|post_creationDate_index_bPlus_100
764|325|2012-03-02T16:04:56.667+0000|2012-03-03T04:45:31.234+0000|post_creationDate_index_bPlus_100
764|678|2012-03-03T04:45:31.234+0000|2012-03-03T21:45:19.995+0000|post_creationDate_index_bPlus_100
764|15|2012-03-03T21:45:19.995+0000|2012-03-04T08:01:38.105+0000|post_creationDate_index_bPlus_100
764|996|2012-03-04T08:01:38.105+0000|2012-03-04T22:11:12.978+0000|post_creationDate_index_bPlus_100
764|497|2012-03-04T22:11:12.978+0000|2012-03-05T12:45:12.364+0000|post_creationDate_index_bPlus_100
764|881|2012-03-05T12:45:12.364+0000|2012-03-06T05:54:57.728+0000|post_creationDate_index_bPlus_100
764|352|2012-03-06T05:54:57.728+0000|2012-03-06T13:15:16.923+0000|post_creationDate_index_bPlus_100
764|990|2012-03-06T13:15:16.923+0000|2012-03-06T23:21:17.342+0000|post_creationDate_index_bPlus_100
764|759|2012-03-06T23:21:17.342+0000|2012-03-07T14:50:32.380+0000|post_creationDate_index_bPlus_100
764|512|2012-03-07T14:50:32.380+0000|2012-03-08T13:06:00.603+0000|post_creationDate_index_bPlus_100
764|215|2012-03-08T13:06:00.603+0000|2012-03-09T01:08:26.182+0000|post_creationDate_index_bPlus_100
764|655|2012-03-09T01:08:26.182+0000|2012-03-09T12:33:17.245+0000|post_creationDate_index_bPlus_100
764|981|2012-03-09T12:33:17.245+0000|2012-03-10T00:37:40.180+0000|post_creationDate_index_bPlus_100
764|96|2012-03-10T00:37:40.180+0000|2012-03-10T16:53:37.189+0000|post_creationDate_index_bPlus_100
764|542|2012-03-10T16:53:37.189+0000|2012-03-11T11:45:26.467+0000|post_creationDate_index_bPlus_100
764|910|2012-03-11T11:45:26.467+0000|2012-03-12T01:05:13.961+0000|post_creationDate_index_bPlus_100
764|182|2012-03-12T01:05:13.961+0000|2012-03-12T23:33:10.139+0000|post_creationDate_index_bPlus_100
764|652|2012-03-12T23:33:10.139+0000|2012-03-13T17:33:45.395+0000|post_creationDate_index_bPlus_100
764|478|2012-03-13T17:33:45.395+0000|2012-03-14T12:47:33.247+0000|post_creationDate_index_bPlus_100
764|51|2012-03-14T12:47:33.247+0000|2012-03-15T11:20:06.894+0000|post_creationDate_index_bPlus_100
764|672|2012-03-15T11:20:06.894+0000|2012-03-15T22:25:20.009+0000|post_creationDate_index_bPlus_100
764|281|2012-03-15T22:25:20.009+0000|2012-03-16T16:34:33.958+0000|post_creationDate_index_bPlus_100
764|572|2012-03-16T16:34:33.958+0000|2012-03-17T12:53:50.521+0000|post_creationDate_index_bPlus_100
764|157|2012-03-17T12:53:50.521+0000|2012-03-17T22:34:58.021+0000|post_creationDate_index_bPlus_100
764|856|2012-03-17T22:34:58.021+0000|2012-03-18T07:21:21.272+0000|post_creationDate_index_bPlus_100
764|485|2012-03-18T07:21:21.272+0000|2012-03-18T21:58:52.974+0000|post_creationDate_index_bPlus_100
764|800|2012-03-18T21:58:52.974+0000|2012-03-19T18:13:07.000+0000|post_creationDate_index_bPlus_100
764|87|2012-03-19T18:13:07.000+0000|2012-03-20T19:06:08.030+0000|post_creationDate_index_bPlus_100
764|412|2012-03-20T19:06:08.030+0000|2012-03-21T13:45:20.018+0000|post_creationDate_index_bPlus_100
764|254|2012-03-21T13:45:20.018+0000|2012-03-21T22:05:34.667+0000|post_creationDate_index_bPlus_100
764|429|2012-03-21T22:05:34.667+0000|2012-03-22T09:03:17.799+0000|post_creationDate_index_bPlus_100
764|823|2012-03-22T09:03:17.799+0000|2012-03-23T02:15:48.020+0000|post_creationDate_index_bPlus_100
764|329|2012-03-23T02:15:48.020+0000|2012-03-23T22:35:27.934+0000|post_creationDate_index_bPlus_100
764|657|2012-03-23T22:35:27.934+0000|2012-03-24T14:29:24.251+0000|post_creationDate_index_bPlus_100
764|25|2012-03-24T14:29:24.251+0000|2012-03-25T05:42:39.432+0000|post_creationDate_index_bPlus_100
764|474|2012-03-25T05:42:39.432+0000|2012-03-26T05:42:11.522+0000|post_creationDate_index_bPlus_100
764|702|2012-03-26T05:42:11.522+0000|2012-03-26T22:00:02.435+0000|post_creationDate_index_bPlus_100
764|156|2012-03-26T22:00:02.435+0000|2012-03-27T07:03:59.673+0000|post_creationDate_index_bPlus_100
764|965|2012-03-27T07:03:59.673+0000|2012-03-27T19:35:01.672+0000|post_creationDate_index_bPlus_100
764|370|2012-03-27T19:35:01.672+0000|2012-03-28T13:46:43.903+0000|post_creationDate_index_bPlus_100
764|915|2012-03-28T13:46:43.903+0000|2012-03-29T00:44:41.009+0000|post_creationDate_index_bPlus_100
764|517|2012-03-29T00:44:41.009+0000|2012-03-29T15:02:20.977+0000|post_creationDate_index_bPlus_100
764|834|2012-03-29T15:02:20.977+0000|2012-03-30T09:47:21.749+0000|post_creationDate_index_bPlus_100
764|64|2012-03-30T09:47:21.749+0000|2012-03-30T19:48:00.278+0000|post_creationDate_index_bPlus_100
764|624|2012-03-30T19:48:00.278+0000|2012-03-31T09:07:26.598+0000|post_creationDate_index_bPlus_100
764|317|2012-03-31T09:07:26.598+0000|2012-03-31T22:47:08.704+0000|post_creationDate_index_bPlus_100
764|642|2012-03-31T22:47:08.704+0000|2012-04-01T17:01:38.860+0000|post_creationDate_index_bPlus_100
764|143|2012-04-01T17:01:38.860+0000|2012-04-02T04:14:15.977+0000|post_creationDate_index_bPlus_100
764|826|2012-04-02T04:14:15.977+0000|2012-04-02T12:50:21.302+0000|post_creationDate_index_bPlus_100
764|447|2012-04-02T12:50:21.302+0000|2012-04-03T05:59:37.857+0000|post_creationDate_index_bPlus_100
764|236|2012-04-03T05:59:37.857+0000|2012-04-04T02:23:01.819+0000|post_creationDate_index_bPlus_100
764|543|2012-04-04T02:23:01.819+0000|2012-04-04T21:22:21.609+0000|post_creationDate_index_bPlus_100
764|995|2012-04-04T21:22:21.609+0000|2012-04-05T08:52:11.241+0000|post_creationDate_index_bPlus_100
764|9|2012-04-05T08:52:11.241+0000|2012-04-05T21:47:16.782+0000|post_creationDate_index_bPlus_100
764|486|2012-04-05T21:47:16.782+0000|2012-04-06T16:07:17.512+0000|post_creationDate_index_bPlus_100
764|279|2012-04-06T16:07:17.512+0000|2012-04-07T13:36:38.658+0000|post_creationDate_index_bPlus_100
764|509|2012-04-07T13:36:38.658+0000|2012-04-08T03:05:26.951+0000|post_creationDate_index_bPlus_100
764|1000|2012-04-08T03:05:26.951+0000|2012-04-08T10:01:08.220+0000|post_creationDate_index_bPlus_100
764|148|2012-04-08T10:01:08.220+0000|2012-04-08T23:39:10.890+0000|post_creationDate_index_bPlus_100
764|744|2012-04-08T23:39:10.890+0000|2012-04-09T17:52:21.116+0000|post_creationDate_index_bPlus_100
764|318|2012-04-09T17:52:21.116+0000|2012-04-10T02:18:29.514+0000|post_creationDate_index_bPlus_100
764|958|2012-04-10T02:18:29.514+0000|2012-04-10T05:29:44.349+0000|post_creationDate_index_bPlus_100
764|627|2012-04-10T05:29:44.349+0000|2012-04-10T18:09:28.005+0000|post_creationDate_index_bPlus_100
764|97|2012-04-10T18:09:28.005+0000|2012-04-11T09:19:04.791+0000|post_creationDate_index_bPlus_100
764|516|2012-04-11T09:19:04.791+0000|2012-04-12T06:46:23.856+0000|post_creationDate_index_bPlus_100
764|196|2012-04-12T06:46:23.856+0000|2012-04-13T01:36:52.336+0000|post_creationDate_index_bPlus_100
764|713|2012-04-13T01:36:52.336+0000|2012-04-13T14:44:04.777+0000|post_creationDate_index_bPlus_100
764|432|2012-04-13T14:44:04.777+0000|2012-04-14T10:32:32.128+0000|post_creationDate_index_bPlus_100
764|795|2012-04-14T10:32:32.128+0000|2012-04-14T23:27:18.511+0000|post_creationDate_index_bPlus_100
764|53|2012-04-14T23:27:18.511+0000|2012-04-15T06:40:03.249+0000|post_creationDate_index_bPlus_100
764|562|2012-04-15T06:40:03.249+0000|2012-04-16T01:55:15.148+0000|post_creationDate_index_bPlus_100
764|344|2012-04-16T01:55:15.148+0000|2012-04-17T01:07:35.026+0000|post_creationDate_index_bPlus_100
764|976|2012-04-17T01:07:35.026+0000|2012-04-17T06:37:49.657+0000|post_creationDate_index_bPlus_100
764|612|2012-04-17T06:37:49.657+0000|2012-04-17T13:57:45.793+0000|post_creationDate_index_bPlus_100
764|166|2012-04-17T13:57:45.793+0000|2012-04-18T07:14:54.222+0000|post_creationDate_index_bPlus_100
764|397|2012-04-18T07:14:54.222+0000|2012-04-19T00:21:31.009+0000|post_creationDate_index_bPlus_100
764|86|2012-04-19T00:21:31.009+0000|2012-04-19T16:42:16.735+0000|post_creationDate_index_bPlus_100
764|695|2012-04-19T16:42:16.735+0000|2012-04-20T09:22:59.391+0000|post_creationDate_index_bPlus_100
764|223|2012-04-20T09:22:59.391+0000|2012-04-20T16:43:14.490+0000|post_creationDate_index_bPlus_100
764|706|2012-04-20T16:43:14.490+0000|2012-04-21T03:34:51.227+0000|post_creationDate_index_bPlus_100
764|335|2012-04-21T03:34:51.227+0000|2012-04-22T01:34:09.988+0000|post_creationDate_index_bPlus_100
764|626|2012-04-22T01:34:09.988+0000|2012-04-22T21:38:41.574+0000|post_creationDate_index_bPlus_100
764|136|2012-04-22T21:38:41.574+0000|2012-04-23T03:33:35.965+0000|post_creationDate_index_bPlus_100
764|880|2012-04-23T03:33:35.965+0000|2012-04-23T17:01:17.614+0000|post_creationDate_index_bPlus_100
764|377|2012-04-23T17:01:17.614+0000|2012-04-24T11:56:17.520+0000|post_creationDate_index_bPlus_100
764|835|2012-04-24T11:56:17.520+0000|2012-04-24T20:42:36.471+0000|post_creationDate_index_bPlus_100
764|273|2012-04-24T20:42:36.471+0000|2012-04-25T04:57:22.543+0000|post_creationDate_index_bPlus_100
764|897|2012-04-25T04:57:22.543+0000|2012-04-25T22:59:00.360+0000|post_creationDate_index_bPlus_100
764|441|2012-04-25T22:59:00.360+0000|2012-04-26T14:05:31.671+0000|post_creationDate_index_bPlus_100
764|815|2012-04-26T14:05:31.671+0000|2012-04-27T04:03:30.239+0000|post_creationDate_index_bPlus_100
764|27|2012-04-27T04:03:30.239+0000|2012-04-27T17:42:11.032+0000|post_creationDate_index_bPlus_100
764|752|2012-04-27T17:42:11.032+0000|2012-04-28T08:18:51.303+0000|post_creationDate_index_bPlus_100
384|310|2012-04-28T08:18:51.303+0000|2012-04-28T19:43:48.916+0000|post_creationDate_index_bPlus_100
384|803|2012-04-28T19:43:48.916+0000|2012-04-29T01:47:08.030+0000|post_creationDate_index_bPlus_100
384|185|2012-04-29T01:47:08.030+0000|2012-04-29T15:37:14.248+0000|post_creationDate_index_bPlus_100
384|526|2012-04-29T15:37:14.248+0000|2012-04-29T21:10:42.220+0000|post_creationDate_index_bPlus_100
384|962|2012-04-29T21:10:42.220+0000|2012-04-30T08:25:29.376+0000|post_creationDate_index_bPlus_100
384|82|2012-04-30T08:25:29.376+0000|2012-05-01T02:52:16.878+0000|post_creationDate_index_bPlus_100
384|519|2012-05-01T02:52:16.878+0000|2012-05-01T13:19:58.686+0000|post_creationDate_index_bPlus_100
384|975|2012-05-01T13:19:58.686+0000|2012-05-02T03:28:53.949+0000|post_creationDate_index_bPlus_100
384|220|2012-05-02T03:28:53.949+0000|2012-05-02T23:03:56.079+0000|post_creationDate_index_bPlus_100
384|586|2012-05-02T23:03:56.079+0000|2012-05-03T09:39:31.286+0000|post_creationDate_index_bPlus_100
384|120|2012-05-03T09:39:31.286+0000|2012-05-03T19:50:17.805+0000|post_creationDate_index_bPlus_100
384|886|2012-05-03T19:50:17.805+0000|2012-05-04T10:33:03.344+0000|post_creationDate_index_bPlus_100
384|326|2012-05-04T10:33:03.344+0000|2012-05-05T08:58:30.966+0000|post_creationDate_index_bPlus_100
384|715|2012-05-05T08:58:30.966+0000|2012-05-05T19:42:32.785+0000|post_creationDate_index_bPlus_100
384|227|2012-05-05T19:42:32.785+0000|2012-05-06T17:34:54.636+0000|post_creationDate_index_bPlus_100
384|518|2012-05-06T17:34:54.636+0000|2012-05-07T16:15:57.938+0000|post_creationDate_index_bPlus_100
384|47|2012-05-07T16:15:57.938+0000|2012-05-07T23:59:56.830+0000|post_creationDate_index_bPlus_100
384|636|2012-05-07T23:59:56.830+0000|2012-05-08T09:24:07.459+0000|post_creationDate_index_bPlus_100
384|386|2012-05-08T09:24:07.459+0000|2012-05-08T20:23:11.830+0000|post_creationDate_index_bPlus_100
384|202|2012-05-08T20:23:11.830+0000|2012-05-09T04:49:22.684+0000|post_creationDate_index_bPlus_100
384|733|2012-05-09T04:49:22.684+0000|2012-05-09T22:22:41.331+0000|post_creationDate_index_bPlus_100
384|460|2012-05-09T22:22:41.331+0000|2012-05-10T13:45:40.216+0000|post_creationDate_index_bPlus_100
384|319|2012-05-10T13:45:40.216+0000|2012-05-10T22:25:18.566+0000|post_creationDate_index_bPlus_100
384|922|2012-05-10T22:25:18.566+0000|2012-05-11T04:38:29.380+0000|post_creationDate_index_bPlus_100
384|617|2012-05-11T04:38:29.380+0000|2012-05-11T18:50:08.962+0000|post_creationDate_index_bPlus_100
384|252|2012-05-11T18:50:08.962+0000|2012-05-12T10:14:56.542+0000|post_creationDate_index_bPlus_100
384|533|2012-05-12T10:14:56.542+0000|2012-05-12T20:40:02.943+0000|post_creationDate_index_bPlus_100
384|89|2012-05-12T20:40:02.943+0000|2012-05-13T14:40:45.069+0000|post_creationDate_index_bPlus_100
384|393|2012-05-13T14:40:45.069+0000|2012-05-14T05:37:56.674+0000|post_creationDate_index_bPlus_100
384|726|2012-05-14T05:37:56.674+0000|2012-05-15T03:51:42.231+0000|post_creationDate_index_bPlus_100
384|165|2012-05-15T03:51:42.231+0000|2012-05-15T23:18:32.765+0000|post_creationDate_index_bPlus_100
384|635|2012-05-15T23:18:32.765+0000|2012-05-16T08:14:06.167+0000|post_creationDate_index_bPlus_100
384|14|2012-05-16T08:14:06.167+0000|2012-05-17T06:28:41.185+0000|post_creationDate_index_bPlus_100
384|890|2012-05-17T06:28:41.185+0000|2012-05-18T01:03:49.780+0000|post_creationDate_index_bPlus_100
384|451|2012-05-18T01:03:49.780+0000|2012-05-18T06:55:19.217+0000|post_creationDate_index_bPlus_100
384|894|2012-05-18T06:55:19.217+0000|2012-05-18T22:42:52.760+0000|post_creationDate_index_bPlus_100
384|238|2012-05-18T22:42:52.760+0000|2012-05-19T15:12:59.928+0000|post_creationDate_index_bPlus_100
384|874|2012-05-19T15:12:59.928+0000|2012-05-19T21:21:05.723+0000|post_creationDate_index_bPlus_100
384|373|2012-05-19T21:21:05.723+0000|2012-05-20T09:06:32.441+0000|post_creationDate_index_bPlus_100
384|670|2012-05-20T09:06:32.441+0000|2012-05-20T21:36:44.256+0000|post_creationDate_index_bPlus_100
384|162|2012-05-20T21:36:44.256+0000|2012-05-21T19:24:03.591+0000|post_creationDate_index_bPlus_100
384|782|2012-05-21T19:24:03.591+0000|2012-05-22T00:50:20.166+0000|post_creationDate_index_bPlus_100
384|401|2012-05-22T00:50:20.166+0000|2012-05-22T09:47:07.500+0000|post_creationDate_index_bPlus_100
384|113|2012-05-22T09:47:07.500+0000|2012-05-23T04:53:27.447+0000|post_creationDate_index_bPlus_100
384|659|2012-05-23T04:53:27.447+0000|2012-05-24T04:27:44.866+0000|post_creationDate_index_bPlus_100
384|374|2012-05-24T04:27:44.866+0000|2012-05-24T17:10:22.822+0000|post_creationDate_index_bPlus_100
384|177|2012-05-24T17:10:22.822+0000|2012-05-25T11:59:40.726+0000|post_creationDate_index_bPlus_100
384|914|2012-05-25T11:59:40.726+0000|2012-05-25T21:37:02.357+0000|post_creationDate_index_bPlus_100
384|365|2012-05-25T21:37:02.357+0000|2012-05-26T13:33:20.656+0000|post_creationDate_index_bPlus_100
384|979|2012-05-26T13:33:20.656+0000|2012-05-27T04:09:59.204+0000|post_creationDate_index_bPlus_100
384|29|2012-05-27T04:09:59.204+0000|2012-05-28T01:09:33.458+0000|post_creationDate_index_bPlus_100
384|361|2012-05-28T01:09:33.458+0000|2012-05-28T22:41:16.130+0000|post_creationDate_index_bPlus_100
384|799|2012-05-28T22:41:16.130+0000|2012-05-29T06:54:29.713+0000|post_creationDate_index_bPlus_100
384|210|2012-05-29T06:54:29.713+0000|2012-05-29T21:01:18.030+0000|post_creationDate_index_bPlus_100
384|941|2012-05-29T21:01:18.030+0000|2012-05-30T02:00:55.907+0000|post_creationDate_index_bPlus_100
384|528|2012-05-30T02:00:55.907+0000|2012-05-30T11:09:34.172+0000|post_creationDate_index_bPlus_100
384|72|2012-05-30T11:09:34.172+0000|2012-05-31T03:19:59.876+0000|post_creationDate_index_bPlus_100
384|870|2012-05-31T03:19:59.876+0000|2012-05-31T09:51:58.474+0000|post_creationDate_index_bPlus_100
384|239|2012-05-31T09:51:58.474+0000|2012-05-31T20:30:42.080+0000|post_creationDate_index_bPlus_100
384|989|2012-05-31T20:30:42.080+0000|2012-06-01T14:21:59.925+0000|post_creationDate_index_bPlus_100
384|360|2012-06-01T14:21:59.925+0000|2012-06-01T23:55:48.829+0000|post_creationDate_index_bPlus_100
384|109|2012-06-01T23:55:48.829+0000|2012-06-02T14:02:21.319+0000|post_creationDate_index_bPlus_100
384|575|2012-06-02T14:02:21.319+0000|2012-06-03T02:16:36.946+0000|post_creationDate_index_bPlus_100
384|736|2012-06-03T02:16:36.946+0000|2012-06-03T10:18:03.469+0000|post_creationDate_index_bPlus_100
384|180|2012-06-03T10:18:03.469+0000|2012-06-03T16:24:49.228+0000|post_creationDate_index_bPlus_100
384|667|2012-06-03T16:24:49.228+0000|2012-06-04T00:22:43.103+0000|post_creationDate_index_bPlus_100
384|382|2012-06-04T00:22:43.103+0000|2012-06-04T09:50:10.834+0000|post_creationDate_index_bPlus_100
384|801|2012-06-04T09:50:10.834+0000|2012-06-05T00:36:43.643+0000|post_creationDate_index_bPlus_100
384|36|2012-06-05T00:36:43.643+0000|2012-06-05T06:57:15.880+0000|post_creationDate_index_bPlus_100
384|963|2012-06-05T06:57:15.880+0000|2012-06-05T17:33:27.338+0000|post_creationDate_index_bPlus_100
384|444|2012-06-05T17:33:27.338+0000|2012-06-06T06:51:35.905+0000|post_creationDate_index_bPlus_100
384|808|2012-06-06T06:51:35.905+0000|2012-06-06T17:19:24.026+0000|post_creationDate_index_bPlus_100
384|230|2012-06-06T17:19:24.026+0000|2012-06-07T02:46:20.851+0000|post_creationDate_index_bPlus_100
384|944|2012-06-07T02:46:20.851+0000|2012-06-07T13:15:13.654+0000|post_creationDate_index_bPlus_100
384|403|2012-06-07T13:15:13.654+0000|2012-06-08T06:53:32.548+0000|post_creationDate_index_bPlus_100
384|769|2012-06-08T06:53:32.548+0000|2012-06-09T04:32:12.892+0000|post_creationDate_index_bPlus_100
384|119|2012-06-09T04:32:12.892+0000|2012-06-09T23:44:15.352+0000|post_creationDate_index_bPlus_100
384|450|2012-06-09T23:44:15.352+0000|2012-06-10T11:17:33.264+0000|post_creationDate_index_bPlus_100
384|982|2012-06-10T11:17:33.264+0000|2012-06-10T22:02:29.109+0000|post_creationDate_index_bPlus_100
384|305|2012-06-10T22:02:29.109+0000|2012-06-11T12:36:33.160+0000|post_creationDate_index_bPlus_100
384|807|2012-06-11T12:36:33.160+0000|2012-06-11T14:50:34.972+0000|post_creationDate_index_bPlus_100
384|7|2012-06-11T14:50:34.972+0000|2012-06-12T05:18:48.951+0000|post_creationDate_index_bPlus_100
384|570|2012-06-12T05:18:48.951+0000|2012-06-12T15:08:04.387+0000|post_creationDate_index_bPlus_100
384|323|2012-06-12T15:08:04.387+0000|2012-06-13T01:45:09.306+0000|post_creationDate_index_bPlus_100
384|796|2012-06-13T01:45:09.306+0000|2012-06-13T15:04:12.167+0000|post_creationDate_index_bPlus_100
384|163|2012-06-13T15:04:12.167+0000|2012-06-13T23:05:26.975+0000|post_creationDate_index_bPlus_100
384|917|2012-06-13T23:05:26.975+0000|2012-06-14T05:47:10.815+0000|post_creationDate_index_bPlus_100
384|371|2012-06-14T05:47:10.815+0000|2012-06-15T09:28:56.753+0000|post_creationDate_index_bPlus_100
384|622|2012-06-15T09:28:56.753+0000|2012-06-15T19:10:47.838+0000|post_creationDate_index_bPlus_100
384|121|2012-06-15T19:10:47.838+0000|2012-06-16T16:38:45.782+0000|post_creationDate_index_bPlus_100
384|416|2012-06-16T16:38:45.782+0000|2012-06-17T09:35:43.153+0000|post_creationDate_index_bPlus_100
384|538|2012-06-17T09:35:43.153+0000|2012-06-17T22:33:35.648+0000|post_creationDate_index_bPlus_100
384|286|2012-06-17T22:33:35.648+0000|2012-06-18T07:39:06.403+0000|post_creationDate_index_bPlus_100
384|887|2012-06-18T07:39:06.403+0000|2012-06-18T19:48:32.768+0000|post_creationDate_index_bPlus_100
384|442|2012-06-18T19:48:32.768+0000|2012-06-19T02:58:40.327+0000|post_creationDate_index_bPlus_100
384|205|2012-06-19T02:58:40.327+0000|2012-06-19T15:37:30.469+0000|post_creationDate_index_bPlus_100
384|668|2012-06-19T15:37:30.469+0000|2012-06-20T07:29:57.419+0000|post_creationDate_index_bPlus_100
384|56|2012-06-20T07:29:57.419+0000|2012-06-20T14:25:56.139+0000|post_creationDate_index_bPlus_100
384|972|2012-06-20T14:25:56.139+0000|2012-06-21T01:01:55.329+0000|post_creationDate_index_bPlus_100
384|689|2012-06-21T01:01:55.329+0000|2012-06-21T15:58:54.269+0000|post_creationDate_index_bPlus_100
384|265|2012-06-21T15:58:54.269+0000|2012-06-22T00:53:31.214+0000|post_creationDate_index_bPlus_100
384|597|2012-06-22T00:53:31.214+0000|2012-06-22T08:27:06.249+0000|post_creationDate_index_bPlus_100
384|161|2012-06-22T08:27:06.249+0000|2012-06-22T19:41:10.782+0000|post_creationDate_index_bPlus_100
384|871|2012-06-22T19:41:10.782+0000|2012-06-23T21:19:52.198+0000|post_creationDate_index_bPlus_100
384|362|2012-06-23T21:19:52.198+0000|2012-06-24T10:02:31.546+0000|post_creationDate_index_bPlus_100
384|711|2012-06-24T10:02:31.546+0000|2012-06-25T05:36:54.152+0000|post_creationDate_index_bPlus_100
384|108|2012-06-25T05:36:54.152+0000|2012-06-26T00:47:16.481+0000|post_creationDate_index_bPlus_100
384|762|2012-06-26T00:47:16.481+0000|2012-06-26T16:24:16.122+0000|post_creationDate_index_bPlus_100
384|558|2012-06-26T16:24:16.122+0000|2012-06-27T03:37:03.188+0000|post_creationDate_index_bPlus_100
384|827|2012-06-27T03:37:03.188+0000|2012-06-27T19:07:33.002+0000|post_creationDate_index_bPlus_100
384|277|2012-06-27T19:07:33.002+0000|2012-06-28T18:45:33.706+0000|post_creationDate_index_bPlus_100
384|700|2012-06-28T18:45:33.706+0000|2012-06-29T13:44:30.701+0000|post_creationDate_index_bPlus_100
384|17|2012-06-29T13:44:30.701+0000|2012-06-30T07:43:43.916+0000|post_creationDate_index_bPlus_100
384|557|2012-06-30T07:43:43.916+0000|2012-07-01T01:28:05.572+0000|post_creationDate_index_bPlus_100
384|268|2012-07-01T01:28:05.572+0000|2012-07-01T14:03:17.248+0000|post_creationDate_index_bPlus_100
384|574|2012-07-01T14:03:17.248+0000|2012-07-02T09:14:33.772+0000|post_creationDate_index_bPlus_100
384|78|2012-07-02T09:14:33.772+0000|2012-07-02T23:34:52.356+0000|post_creationDate_index_bPlus_100
384|778|2012-07-02T23:34:52.356+0000|2012-07-03T07:18:04.334+0000|post_creationDate_index_bPlus_100
384|436|2012-07-03T07:18:04.334+0000|2012-07-03T20:56:34.396+0000|post_creationDate_index_bPlus_100
384|866|2012-07-03T20:56:34.396+0000|2012-07-04T06:51:44.717+0000|post_creationDate_index_bPlus_100
384|128|2012-07-04T06:51:44.717+0000|2012-07-05T08:19:25.657+0000|post_creationDate_index_bPlus_100
384|311|2012-07-05T08:19:25.657+0000|2012-07-06T02:11:45.465+0000|post_creationDate_index_bPlus_100
384|563|2012-07-06T02:11:45.465+0000|2012-07-06T11:01:53.944+0000|post_creationDate_index_bPlus_100
384|45|2012-07-06T11:01:53.944+0000|2012-07-06T21:42:04.220+0000|post_creationDate_index_bPlus_100
384|299|2012-07-06T21:42:04.220+0000|2012-07-07T22:26:17.747+0000|post_creationDate_index_bPlus_100
384|415|2012-07-07T22:26:17.747+0000|2012-07-08T05:38:36.096+0000|post_creationDate_index_bPlus_100
384|973|2012-07-08T05:38:36.096+0000|2012-07-08T18:57:31.878+0000|post_creationDate_index_bPlus_100
384|140|2012-07-08T18:57:31.878+0000|2012-07-09T17:58:45.768+0000|post_creationDate_index_bPlus_100
384|425|2012-07-09T17:58:45.768+0000|2012-07-10T06:38:58.968+0000|post_creationDate_index_bPlus_100
384|867|2012-07-10T06:38:58.968+0000|2012-07-10T15:42:47.281+0000|post_creationDate_index_bPlus_100
384|24|2012-07-10T15:42:47.281+0000|2012-07-11T13:26:31.069+0000|post_creationDate_index_bPlus_100
779|625|2012-07-11T13:26:31.069+0000|2012-07-12T08:32:21.188+0000|post_creationDate_index_bPlus_100
779|237|2012-07-12T08:32:21.188+0000|2012-07-13T08:07:03.614+0000|post_creationDate_index_bPlus_100
779|419|2012-07-13T08:07:03.614+0000|2012-07-13T21:46:20.678+0000|post_creationDate_index_bPlus_100
779|788|2012-07-13T21:46:20.678+0000|2012-07-14T05:41:39.827+0000|post_creationDate_index_bPlus_100
779|146|2012-07-14T05:41:39.827+0000|2012-07-14T23:04:54.677+0000|post_creationDate_index_bPlus_100
779|781|2012-07-14T23:04:54.677+0000|2012-07-15T07:12:20.192+0000|post_creationDate_index_bPlus_100
779|316|2012-07-15T07:12:20.192+0000|2012-07-15T16:01:45.896+0000|post_creationDate_index_bPlus_100
779|685|2012-07-15T16:01:45.896+0000|2012-07-16T11:56:39.400+0000|post_creationDate_index_bPlus_100
779|98|2012-07-16T11:56:39.400+0000|2012-07-17T01:07:26.429+0000|post_creationDate_index_bPlus_100
779|673|2012-07-17T01:07:26.429+0000|2012-07-17T14:46:48.686+0000|post_creationDate_index_bPlus_100
779|345|2012-07-17T14:46:48.686+0000|2012-07-18T01:02:45.956+0000|post_creationDate_index_bPlus_100
779|875|2012-07-18T01:02:45.956+0000|2012-07-18T10:14:48.115+0000|post_creationDate_index_bPlus_100
779|571|2012-07-18T10:14:48.115+0000|2012-07-18T22:27:41.864+0000|post_creationDate_index_bPlus_100
779|71|2012-07-18T22:27:41.864+0000|2012-07-19T09:25:55.220+0000|post_creationDate_index_bPlus_100
779|847|2012-07-19T09:25:55.220+0000|2012-07-19T18:28:42.183+0000|post_creationDate_index_bPlus_100
779|488|2012-07-19T18:28:42.183+0000|2012-07-20T04:16:25.258+0000|post_creationDate_index_bPlus_100
779|853|2012-07-20T04:16:25.258+0000|2012-07-20T10:06:45.182+0000|post_creationDate_index_bPlus_100
779|175|2012-07-20T10:06:45.182+0000|2012-07-21T01:34:23.106+0000|post_creationDate_index_bPlus_100
779|868|2012-07-21T01:34:23.106+0000|2012-07-21T14:15:42.718+0000|post_creationDate_index_bPlus_100
779|443|2012-07-21T14:15:42.718+0000|2012-07-22T03:07:16.395+0000|post_creationDate_index_bPlus_100
779|787|2012-07-22T03:07:16.395+0000|2012-07-22T12:55:03.456+0000|post_creationDate_index_bPlus_100
779|38|2012-07-22T12:55:03.456+0000|2012-07-22T20:15:56.844+0000|post_creationDate_index_bPlus_100
779|946|2012-07-22T20:15:56.844+0000|2012-07-23T01:18:27.810+0000|post_creationDate_index_bPlus_100
779|669|2012-07-23T01:18:27.810+0000|2012-07-23T07:40:16.388+0000|post_creationDate_index_bPlus_100
779|421|2012-07-23T07:40:16.388+0000|2012-07-23T19:53:20.184+0000|post_creationDate_index_bPlus_100
779|650|2012-07-23T19:53:20.184+0000|2012-07-24T08:04:40.794+0000|post_creationDate_index_bPlus_100
779|231|2012-07-24T08:04:40.794+0000|2012-07-24T17:04:27.060+0000|post_creationDate_index_bPlus_100
779|653|2012-07-24T17:04:27.060+0000|2012-07-25T04:33:07.730+0000|post_creationDate_index_bPlus_100
779|387|2012-07-25T04:33:07.730+0000|2012-07-25T16:04:01.823+0000|post_creationDate_index_bPlus_100
779|544|2012-07-25T16:04:01.823+0000|2012-07-26T01:23:22.817+0000|post_creationDate_index_bPlus_100
779|153|2012-07-26T01:23:22.817+0000|2012-07-26T09:36:28.948+0000|post_creationDate_index_bPlus_100
779|983|2012-07-26T09:36:28.948+0000|2012-07-26T20:22:32.948+0000|post_creationDate_index_bPlus_100
779|618|2012-07-26T20:22:32.948+0000|2012-07-27T04:22:55.599+0000|post_creationDate_index_bPlus_100
779|873|2012-07-27T04:22:55.599+0000|2012-07-27T10:43:14.233+0000|post_creationDate_index_bPlus_100
779|289|2012-07-27T10:43:14.233+0000|2012-07-27T23:21:06.979+0000|post_creationDate_index_bPlus_100
779|569|2012-07-27T23:21:06.979+0000|2012-07-28T05:46:09.084+0000|post_creationDate_index_bPlus_100
779|785|2012-07-28T05:46:09.084+0000|2012-07-28T15:46:10.835+0000|post_creationDate_index_bPlus_100
779|55|2012-07-28T15:46:10.835+0000|2012-07-29T03:39:43.318+0000|post_creationDate_index_bPlus_100
779|467|2012-07-29T03:39:43.318+0000|2012-07-29T22:37:46.648+0000|post_creationDate_index_bPlus_100
779|244|2012-07-29T22:37:46.648+0000|2012-07-30T16:45:32.742+0000|post_creationDate_index_bPlus_100
779|728|2012-07-30T16:45:32.742+0000|2012-07-31T08:12:58.273+0000|post_creationDate_index_bPlus_100
779|396|2012-07-31T08:12:58.273+0000|2012-08-01T01:07:27.013+0000|post_creationDate_index_bPlus_100
779|105|2012-08-01T01:07:27.013+0000|2012-08-01T06:30:13.411+0000|post_creationDate_index_bPlus_100
779|724|2012-08-01T06:30:13.411+0000|2012-08-01T15:34:57.118+0000|post_creationDate_index_bPlus_100
779|459|2012-08-01T15:34:57.118+0000|2012-08-02T04:52:42.815+0000|post_creationDate_index_bPlus_100
779|746|2012-08-02T04:52:42.815+0000|2012-08-02T15:25:06.934+0000|post_creationDate_index_bPlus_100
779|243|2012-08-02T15:25:06.934+0000|2012-08-03T11:18:14.681+0000|post_creationDate_index_bPlus_100
779|773|2012-08-03T11:18:14.681+0000|2012-08-04T01:53:48.246+0000|post_creationDate_index_bPlus_100
779|426|2012-08-04T01:53:48.246+0000|2012-08-04T11:21:37.493+0000|post_creationDate_index_bPlus_100
779|743|2012-08-04T11:21:37.493+0000|2012-08-04T21:24:22.271+0000|post_creationDate_index_bPlus_100
779|312|2012-08-04T21:24:22.271+0000|2012-08-05T02:00:50.871+0000|post_creationDate_index_bPlus_100
779|648|2012-08-05T02:00:50.871+0000|2012-08-05T07:40:30.150+0000|post_creationDate_index_bPlus_100
779|10|2012-08-05T07:40:30.150+0000|2012-08-05T19:42:17.225+0000|post_creationDate_index_bPlus_100
779|661|2012-08-05T19:42:17.225+0000|2012-08-06T02:07:33.110+0000|post_creationDate_index_bPlus_100
779|357|2012-08-06T02:07:33.110+0000|2012-08-06T16:52:31.385+0000|post_creationDate_index_bPlus_100
779|620|2012-08-06T16:52:31.385+0000|2012-08-07T06:52:14.735+0000|post_creationDate_index_bPlus_100
779|222|2012-08-07T06:52:14.735+0000|2012-08-07T22:26:13.085+0000|post_creationDate_index_bPlus_100
779|864|2012-08-07T22:26:13.085+0000|2012-08-08T10:39:17.119+0000|post_creationDate_index_bPlus_100
779|418|2012-08-08T10:39:17.119+0000|2012-08-08T19:51:57.723+0000|post_creationDate_index_bPlus_100
779|649|2012-08-08T19:51:57.723+0000|2012-08-09T11:50:52.239+0000|post_creationDate_index_bPlus_100
779|81|2012-08-09T11:50:52.239+0000|2012-08-10T06:25:35.231+0000|post_creationDate_index_bPlus_100
779|603|2012-08-10T06:25:35.231+0000|2012-08-10T16:44:29.494+0000|post_creationDate_index_bPlus_100
779|261|2012-08-10T16:44:29.494+0000|2012-08-11T03:36:12.293+0000|post_creationDate_index_bPlus_100
779|988|2012-08-11T03:36:12.293+0000|2012-08-11T09:31:12.694+0000|post_creationDate_index_bPlus_100
779|705|2012-08-11T09:31:12.694+0000|2012-08-12T02:21:50.962+0000|post_creationDate_index_bPlus_100
779|445|2012-08-12T02:21:50.962+0000|2012-08-12T20:52:19.963+0000|post_creationDate_index_bPlus_100
779|118|2012-08-12T20:52:19.963+0000|2012-08-13T21:21:20.229+0000|post_creationDate_index_bPlus_100
779|504|2012-08-13T21:21:20.229+0000|2012-08-14T02:59:20.579+0000|post_creationDate_index_bPlus_100
779|812|2012-08-14T02:59:20.579+0000|2012-08-14T11:03:35.110+0000|post_creationDate_index_bPlus_100
779|287|2012-08-14T11:03:35.110+0000|2012-08-14T23:53:09.805+0000|post_creationDate_index_bPlus_100
779|683|2012-08-14T23:53:09.805+0000|2012-08-15T20:22:29.030+0000|post_creationDate_index_bPlus_100
779|40|2012-08-15T20:22:29.030+0000|2012-08-16T08:38:50.517+0000|post_creationDate_index_bPlus_100
779|540|2012-08-16T08:38:50.517+0000|2012-08-16T20:04:07.672+0000|post_creationDate_index_bPlus_100
779|628|2012-08-16T20:04:07.672+0000|2012-08-17T11:44:02.080+0000|post_creationDate_index_bPlus_100
779|168|2012-08-17T11:44:02.080+0000|2012-08-17T20:38:18.988+0000|post_creationDate_index_bPlus_100
779|926|2012-08-17T20:38:18.988+0000|2012-08-18T06:42:36.921+0000|post_creationDate_index_bPlus_100
779|535|2012-08-18T06:42:36.921+0000|2012-08-18T16:59:08.356+0000|post_creationDate_index_bPlus_100
779|375|2012-08-18T16:59:08.356+0000|2012-08-19T08:33:23.463+0000|post_creationDate_index_bPlus_100
779|797|2012-08-19T08:33:23.463+0000|2012-08-20T01:53:22.840+0000|post_creationDate_index_bPlus_100
779|468|2012-08-20T01:53:22.840+0000|2012-08-20T18:05:34.304+0000|post_creationDate_index_bPlus_100
779|62|2012-08-20T18:05:34.304+0000|2012-08-21T10:33:39.642+0000|post_creationDate_index_bPlus_100
779|599|2012-08-21T10:33:39.642+0000|2012-08-22T00:44:46.680+0000|post_creationDate_index_bPlus_100
779|363|2012-08-22T00:44:46.680+0000|2012-08-22T08:02:12.787+0000|post_creationDate_index_bPlus_100
779|666|2012-08-22T08:02:12.787+0000|2012-08-22T16:51:27.287+0000|post_creationDate_index_bPlus_100
779|139|2012-08-22T16:51:27.287+0000|2012-08-23T05:16:00.210+0000|post_creationDate_index_bPlus_100
779|757|2012-08-23T05:16:00.210+0000|2012-08-23T18:50:45.406+0000|post_creationDate_index_bPlus_100
779|300|2012-08-23T18:50:45.406+0000|2012-08-24T07:10:02.376+0000|post_creationDate_index_bPlus_100
779|438|2012-08-24T07:10:02.376+0000|2012-08-24T14:42:25.168+0000|post_creationDate_index_bPlus_100
779|206|2012-08-24T14:42:25.168+0000|2012-08-25T07:10:51.061+0000|post_creationDate_index_bPlus_100
779|811|2012-08-25T07:10:51.061+0000|2012-08-25T17:10:00.444+0000|post_creationDate_index_bPlus_100
779|406|2012-08-25T17:10:00.444+0000|2012-08-26T06:59:39.681+0000|post_creationDate_index_bPlus_100
779|585|2012-08-26T06:59:39.681+0000|2012-08-26T22:21:21.733+0000|post_creationDate_index_bPlus_100
779|20|2012-08-26T22:21:21.733+0000|2012-08-27T05:24:24.738+0000|post_creationDate_index_bPlus_100
779|966|2012-08-27T05:24:24.738+0000|2012-08-27T14:38:37.433+0000|post_creationDate_index_bPlus_100
779|510|2012-08-27T14:38:37.433+0000|2012-08-28T03:34:38.313+0000|post_creationDate_index_bPlus_100
779|755|2012-08-28T03:34:38.313+0000|2012-08-28T19:11:17.217+0000|post_creationDate_index_bPlus_100
779|337|2012-08-28T19:11:17.217+0000|2012-08-29T16:01:01.878+0000|post_creationDate_index_bPlus_100
779|159|2012-08-29T16:01:01.878+0000|2012-08-30T04:37:10.200+0000|post_creationDate_index_bPlus_100
779|911|2012-08-30T04:37:10.200+0000|2012-08-30T12:24:36.875+0000|post_creationDate_index_bPlus_100
779|564|2012-08-30T12:24:36.875+0000|2012-08-30T22:42:33.284+0000|post_creationDate_index_bPlus_100
779|912|2012-08-30T22:42:33.284+0000|2012-08-31T08:11:11.875+0000|post_creationDate_index_bPlus_100
779|343|2012-08-31T08:11:11.875+0000|2012-08-31T19:50:48.043+0000|post_creationDate_index_bPlus_100
779|95|2012-08-31T19:50:48.043+0000|2012-09-01T05:54:40.518+0000|post_creationDate_index_bPlus_100
779|770|2012-09-01T05:54:40.518+0000|2012-09-01T18:56:35.375+0000|post_creationDate_index_bPlus_100
779|532|2012-09-01T18:56:35.375+0000|2012-09-02T09:18:27.854+0000|post_creationDate_index_bPlus_100
779|304|2012-09-02T09:18:27.854+0000|2012-09-02T21:19:56.604+0000|post_creationDate_index_bPlus_100
779|747|2012-09-02T21:19:56.604+0000|2012-09-03T07:18:35.341+0000|post_creationDate_index_bPlus_100
779|167|2012-09-03T07:18:35.341+0000|2012-09-03T21:10:33.163+0000|post_creationDate_index_bPlus_100
779|616|2012-09-03T21:10:33.163+0000|2012-09-04T08:49:09.155+0000|post_creationDate_index_bPlus_100
779|292|2012-09-04T08:49:09.155+0000|2012-09-04T21:30:02.543+0000|post_creationDate_index_bPlus_100
779|595|2012-09-04T21:30:02.543+0000|2012-09-05T07:29:14.547+0000|post_creationDate_index_bPlus_100
779|993|2012-09-05T07:29:14.547+0000|2012-09-05T16:21:11.952+0000|post_creationDate_index_bPlus_100
779|59|2012-09-05T16:21:11.952+0000|2012-09-06T05:01:54.895+0000|post_creationDate_index_bPlus_100
779|491|2012-09-06T05:01:54.895+0000|2012-09-06T17:58:27.897+0000|post_creationDate_index_bPlus_100
779|923|2012-09-06T17:58:27.897+0000|2012-09-07T02:40:55.744+0000|post_creationDate_index_bPlus_100
779|276|2012-09-07T02:40:55.744+0000|2012-09-08T01:25:18.228+0000|post_creationDate_index_bPlus_100
779|455|2012-09-08T01:25:18.228+0000|2012-09-08T15:20:01.185+0000|post_creationDate_index_bPlus_100
779|101|2012-09-08T15:20:01.185+0000|2012-09-09T20:23:19.268+0000|post_creationDate_index_bPlus_100
779|991|2012-09-09T20:23:19.268+0000|2012-09-10T02:42:27.934+0000|post_creationDate_index_bPlus_100
779|356|2012-09-10T02:42:27.934+0000|2012-09-10T13:11:38.440+0000|post_creationDate_index_bPlus_100
779|858|2012-09-10T13:11:38.440+0000|2012-09-11T05:12:54.815+0000|post_creationDate_index_bPlus_100
779|225|2012-09-11T05:12:54.815+0000|2012-09-11T17:39:26.625+0000|post_creationDate_index_bPlus_100
779|750|2012-09-11T17:39:26.625+0000|2012-09-12T03:52:04.082+0000|post_creationDate_index_bPlus_100
779|531|2012-09-12T03:52:04.082+0000|2012-09-12T20:06:56.312+0000|post_creationDate_index_bPlus_100
779|820|2012-09-12T20:06:56.312+0000|2018-01-01T01:01:01.000+0000|post_creationDate_index_bPlus_100
0|3|1990-01-01T01:01:01.000+0000|2010-12-02T14:41:26.557+0000|post_creationDate_index_bPlus_100
0|900|2010-12-02T14:41:26.557+0000|2011-04-25T09:42:23.431+0000|post_creationDate_index_bPlus_100
0|428|2011-04-25T09:42:23.431+0000|2011-08-22T05:02:58.587+0000|post_creationDate_index_bPlus_100
0|846|2011-08-22T05:02:58.587+0000|2011-11-10T15:37:59.736+0000|post_creationDate_index_bPlus_100
0|203|2011-11-10T15:37:59.736+0000|2012-02-08T18:13:19.695+0000|post_creationDate_index_bPlus_100
0|764|2012-02-08T18:13:19.695+0000|2012-04-28T08:18:51.303+0000|post_creationDate_index_bPlus_100
0|384|2012-04-28T08:18:51.303+0000|2012-07-11T13:26:31.069+0000|post_creationDate_index_bPlus_100
0|779|2012-07-11T13:26:31.069+0000|2018-01-01T01:01:01.000+0000|post_creationDate_index_bPlus_100
